,Unnamed: 0,Unnamed: 0.1,name,image_id,content,person_id,caption
0,0,0,Person1_1.jpg,0,MC2\MC2-Image-Data\Person1\Person1_1.jpg,1,NO_CAPTION
1,1,1,Person1_10.jpg,1,MC2\MC2-Image-Data\Person1\Person1_10.jpg,1,NO_CAPTION
2,2,2,Person1_11.jpg,2,MC2\MC2-Image-Data\Person1\Person1_11.jpg,1,NO_CAPTION
3,3,3,Person1_2.jpg,3,MC2\MC2-Image-Data\Person1\Person1_2.jpg,1,NO_CAPTION
4,4,4,Person1_3.jpg,4,MC2\MC2-Image-Data\Person1\Person1_3.jpg,1,NO_CAPTION
5,5,5,Person1_4.jpg,5,MC2\MC2-Image-Data\Person1\Person1_4.jpg,1,NO_CAPTION
6,6,6,Person1_5.jpg,6,MC2\MC2-Image-Data\Person1\Person1_5.jpg,1,NO_CAPTION
7,7,7,Person1_6.jpg,7,MC2\MC2-Image-Data\Person1\Person1_6.jpg,1,NO_CAPTION
8,8,8,Person1_7.jpg,8,MC2\MC2-Image-Data\Person1\Person1_7.jpg,1,NO_CAPTION
9,9,9,Person1_8.jpg,9,MC2\MC2-Image-Data\Person1\Person1_8.jpg,1,NO_CAPTION
10,10,10,Person1_9.jpg,10,MC2\MC2-Image-Data\Person1\Person1_9.jpg,1,NO_CAPTION
11,11,11,Person10_1.jpg,11,MC2\MC2-Image-Data\Person10\Person10_1.jpg,10,NO_CAPTION
12,12,12,Person10_10.jpg,12,MC2\MC2-Image-Data\Person10\Person10_10.jpg,10,NO_CAPTION
13,13,13,Person10_11.jpg,13,MC2\MC2-Image-Data\Person10\Person10_11.jpg,10,NO_CAPTION
14,14,14,Person10_12.jpg,14,MC2\MC2-Image-Data\Person10\Person10_12.jpg,10,NO_CAPTION
15,15,15,Person10_13.jpg,15,MC2\MC2-Image-Data\Person10\Person10_13.jpg,10,NO_CAPTION
16,16,16,Person10_14.jpg,16,MC2\MC2-Image-Data\Person10\Person10_14.jpg,10,NO_CAPTION
17,17,17,Person10_15.jpg,17,MC2\MC2-Image-Data\Person10\Person10_15.jpg,10,NO_CAPTION
18,18,18,Person10_16.jpg,18,MC2\MC2-Image-Data\Person10\Person10_16.jpg,10,NO_CAPTION
19,19,19,Person10_17.jpg,19,MC2\MC2-Image-Data\Person10\Person10_17.jpg,10,NO_CAPTION
20,20,20,Person10_18.jpg,20,MC2\MC2-Image-Data\Person10\Person10_18.jpg,10,NO_CAPTION
21,21,21,Person10_19.jpg,21,MC2\MC2-Image-Data\Person10\Person10_19.jpg,10,NO_CAPTION
22,22,22,Person10_2.jpg,22,MC2\MC2-Image-Data\Person10\Person10_2.jpg,10,NO_CAPTION
23,23,23,Person10_20.jpg,23,MC2\MC2-Image-Data\Person10\Person10_20.jpg,10,NO_CAPTION
24,24,24,Person10_21.jpg,24,MC2\MC2-Image-Data\Person10\Person10_21.jpg,10,NO_CAPTION
25,25,25,Person10_22.jpg,25,MC2\MC2-Image-Data\Person10\Person10_22.jpg,10,NO_CAPTION
26,26,26,Person10_23.jpg,26,MC2\MC2-Image-Data\Person10\Person10_23.jpg,10,NO_CAPTION
27,27,27,Person10_24.jpg,27,MC2\MC2-Image-Data\Person10\Person10_24.jpg,10,NO_CAPTION
28,28,28,Person10_25.jpg,28,MC2\MC2-Image-Data\Person10\Person10_25.jpg,10,NO_CAPTION
29,29,29,Person10_3.jpg,29,MC2\MC2-Image-Data\Person10\Person10_3.jpg,10,NO_CAPTION
30,30,30,Person10_4.jpg,30,MC2\MC2-Image-Data\Person10\Person10_4.jpg,10,NO_CAPTION
31,31,31,Person10_5.jpg,31,MC2\MC2-Image-Data\Person10\Person10_5.jpg,10,NO_CAPTION
32,32,32,Person10_6.jpg,32,MC2\MC2-Image-Data\Person10\Person10_6.jpg,10,NO_CAPTION
33,33,33,Person10_7.jpg,33,MC2\MC2-Image-Data\Person10\Person10_7.jpg,10,NO_CAPTION
34,34,34,Person10_8.jpg,34,MC2\MC2-Image-Data\Person10\Person10_8.jpg,10,NO_CAPTION
35,35,35,Person10_9.jpg,35,MC2\MC2-Image-Data\Person10\Person10_9.jpg,10,NO_CAPTION
36,36,36,Person11_1.jpg,36,MC2\MC2-Image-Data\Person11\Person11_1.jpg,11,NO_CAPTION
37,37,37,Person11_10.jpg,37,MC2\MC2-Image-Data\Person11\Person11_10.jpg,11,NO_CAPTION
38,38,38,Person11_11.jpg,38,MC2\MC2-Image-Data\Person11\Person11_11.jpg,11,NO_CAPTION
39,39,39,Person11_12.jpg,39,MC2\MC2-Image-Data\Person11\Person11_12.jpg,11,NO_CAPTION
40,40,40,Person11_13.jpg,40,MC2\MC2-Image-Data\Person11\Person11_13.jpg,11,NO_CAPTION
41,41,41,Person11_14.jpg,41,MC2\MC2-Image-Data\Person11\Person11_14.jpg,11,NO_CAPTION
42,42,42,Person11_15.jpg,42,MC2\MC2-Image-Data\Person11\Person11_15.jpg,11,NO_CAPTION
43,43,43,Person11_16.jpg,43,MC2\MC2-Image-Data\Person11\Person11_16.jpg,11,NO_CAPTION
44,44,44,Person11_17.jpg,44,MC2\MC2-Image-Data\Person11\Person11_17.jpg,11,NO_CAPTION
45,45,45,Person11_18.jpg,45,MC2\MC2-Image-Data\Person11\Person11_18.jpg,11,NO_CAPTION
46,46,46,Person11_19.jpg,46,MC2\MC2-Image-Data\Person11\Person11_19.jpg,11,NO_CAPTION
47,47,47,Person11_2.jpg,47,MC2\MC2-Image-Data\Person11\Person11_2.jpg,11,NO_CAPTION
48,48,48,Person11_20.jpg,48,MC2\MC2-Image-Data\Person11\Person11_20.jpg,11,NO_CAPTION
49,49,49,Person11_21.jpg,49,MC2\MC2-Image-Data\Person11\Person11_21.jpg,11,NO_CAPTION
50,50,50,Person11_22.jpg,50,MC2\MC2-Image-Data\Person11\Person11_22.jpg,11,NO_CAPTION
51,51,51,Person11_23.jpg,51,MC2\MC2-Image-Data\Person11\Person11_23.jpg,11,NO_CAPTION
52,52,52,Person11_24.jpg,52,MC2\MC2-Image-Data\Person11\Person11_24.jpg,11,NO_CAPTION
53,53,53,Person11_25.jpg,53,MC2\MC2-Image-Data\Person11\Person11_25.jpg,11,NO_CAPTION
54,54,54,Person11_26.jpg,54,MC2\MC2-Image-Data\Person11\Person11_26.jpg,11,NO_CAPTION
55,55,55,Person11_27.jpg,55,MC2\MC2-Image-Data\Person11\Person11_27.jpg,11,NO_CAPTION
56,56,56,Person11_28.jpg,56,MC2\MC2-Image-Data\Person11\Person11_28.jpg,11,NO_CAPTION
57,57,57,Person11_29.jpg,57,MC2\MC2-Image-Data\Person11\Person11_29.jpg,11,NO_CAPTION
58,58,58,Person11_3.jpg,58,MC2\MC2-Image-Data\Person11\Person11_3.jpg,11,NO_CAPTION
59,59,59,Person11_30.jpg,59,MC2\MC2-Image-Data\Person11\Person11_30.jpg,11,NO_CAPTION
60,60,60,Person11_4.jpg,60,MC2\MC2-Image-Data\Person11\Person11_4.jpg,11,NO_CAPTION
61,61,61,Person11_5.jpg,61,MC2\MC2-Image-Data\Person11\Person11_5.jpg,11,NO_CAPTION
62,62,62,Person11_6.jpg,62,MC2\MC2-Image-Data\Person11\Person11_6.jpg,11,NO_CAPTION
63,63,63,Person11_7.jpg,63,MC2\MC2-Image-Data\Person11\Person11_7.jpg,11,NO_CAPTION
64,64,64,Person11_8.jpg,64,MC2\MC2-Image-Data\Person11\Person11_8.jpg,11,NO_CAPTION
65,65,65,Person11_9.jpg,65,MC2\MC2-Image-Data\Person11\Person11_9.jpg,11,NO_CAPTION
66,66,66,Person12_1.jpg,66,MC2\MC2-Image-Data\Person12\Person12_1.jpg,12,This empty yellow bag might blow away from the river wind
67,67,67,Person12_10.jpg,67,MC2\MC2-Image-Data\Person12\Person12_10.jpg,12,These noisemakers are the right color for Northwestern games
68,68,68,Person12_11.jpg,68,MC2\MC2-Image-Data\Person12\Person12_11.jpg,12,NO_CAPTION
69,69,69,Person12_12.jpg,69,MC2\MC2-Image-Data\Person12\Person12_12.jpg,12,Lego bracelets are spring's hottest fashion statement
70,70,70,Person12_13.jpg,70,MC2\MC2-Image-Data\Person12\Person12_13.jpg,12,NO_CAPTION
71,71,71,Person12_14.jpg,71,MC2\MC2-Image-Data\Person12\Person12_14.jpg,12,NO_CAPTION
72,72,72,Person12_15.jpg,72,MC2\MC2-Image-Data\Person12\Person12_15.jpg,12,Hopefully this pumpkin can start a vibrant patch
73,73,73,Person12_2.jpg,73,MC2\MC2-Image-Data\Person12\Person12_2.jpg,12,NO_CAPTION
74,74,74,Person12_3.jpg,74,MC2\MC2-Image-Data\Person12\Person12_3.jpg,12,Cacti are on the list
75,75,75,Person12_4.jpg,75,MC2\MC2-Image-Data\Person12\Person12_4.jpg,12,NO_CAPTION
76,76,76,Person12_5.jpg,76,MC2\MC2-Image-Data\Person12\Person12_5.jpg,12,NO_CAPTION
77,77,77,Person12_6.jpg,77,MC2\MC2-Image-Data\Person12\Person12_6.jpg,12,I've been in dire need of a new hair clip
78,78,78,Person12_7.jpg,78,MC2\MC2-Image-Data\Person12\Person12_7.jpg,12,NO_CAPTION
79,79,79,Person12_8.jpg,79,MC2\MC2-Image-Data\Person12\Person12_8.jpg,12,NO_CAPTION
80,80,80,Person12_9.jpg,80,MC2\MC2-Image-Data\Person12\Person12_9.jpg,12,NO_CAPTION
81,81,81,Person13_1.jpg,81,MC2\MC2-Image-Data\Person13\Person13_1.jpg,13,NO_CAPTION
82,82,82,Person13_10.jpg,82,MC2\MC2-Image-Data\Person13\Person13_10.jpg,13,"""Anyone else ever hang their glasses from the door, or is that just me?"""
83,83,83,Person13_11.jpg,83,MC2\MC2-Image-Data\Person13\Person13_11.jpg,13,So excited about my new bird whistle
84,84,84,Person13_12.jpg,84,MC2\MC2-Image-Data\Person13\Person13_12.jpg,13,NO_CAPTION
85,85,85,Person13_13.jpg,85,MC2\MC2-Image-Data\Person13\Person13_13.jpg,13,NO_CAPTION
86,86,86,Person13_14.jpg,86,MC2\MC2-Image-Data\Person13\Person13_14.jpg,13,NO_CAPTION
87,87,87,Person13_15.jpg,87,MC2\MC2-Image-Data\Person13\Person13_15.jpg,13,NO_CAPTION
88,88,88,Person13_16.jpg,88,MC2\MC2-Image-Data\Person13\Person13_16.jpg,13,NO_CAPTION
89,89,89,Person13_17.jpg,89,MC2\MC2-Image-Data\Person13\Person13_17.jpg,13,NO_CAPTION
90,90,90,Person13_18.jpg,90,MC2\MC2-Image-Data\Person13\Person13_18.jpg,13,Glad everyone enjoyed the cupcakes so much that the leftovers ended up on the floor.
91,91,91,Person13_19.jpg,91,MC2\MC2-Image-Data\Person13\Person13_19.jpg,13,NO_CAPTION
92,92,92,Person13_2.jpg,92,MC2\MC2-Image-Data\Person13\Person13_2.jpg,13,NO_CAPTION
93,93,93,Person13_20.jpg,93,MC2\MC2-Image-Data\Person13\Person13_20.jpg,13,"""Thanks for not throwing this stuff away, guys."""
94,94,94,Person13_21.jpg,94,MC2\MC2-Image-Data\Person13\Person13_21.jpg,13,NO_CAPTION
95,95,95,Person13_22.jpg,95,MC2\MC2-Image-Data\Person13\Person13_22.jpg,13,I'm going to say he enjoyed the cupcake...
96,96,96,Person13_23.jpg,96,MC2\MC2-Image-Data\Person13\Person13_23.jpg,13,NO_CAPTION
97,97,97,Person13_24.jpg,97,MC2\MC2-Image-Data\Person13\Person13_24.jpg,13,NO_CAPTION
98,98,98,Person13_25.jpg,98,MC2\MC2-Image-Data\Person13\Person13_25.jpg,13,Small playing cards are the only playing cards.
99,99,99,Person13_26.jpg,99,MC2\MC2-Image-Data\Person13\Person13_26.jpg,13,NO_CAPTION
100,100,100,Person13_27.jpg,100,MC2\MC2-Image-Data\Person13\Person13_27.jpg,13,"""Teaser for the beach party later, people"""
101,101,101,Person13_28.jpg,101,MC2\MC2-Image-Data\Person13\Person13_28.jpg,13,NO_CAPTION
102,102,102,Person13_29.jpg,102,MC2\MC2-Image-Data\Person13\Person13_29.jpg,13,NO_CAPTION
103,103,103,Person13_3.jpg,103,MC2\MC2-Image-Data\Person13\Person13_3.jpg,13,NO_CAPTION
104,104,104,Person13_30.jpg,104,MC2\MC2-Image-Data\Person13\Person13_30.jpg,13,Practicing for the casino tonight
105,105,105,Person13_31.jpg,105,MC2\MC2-Image-Data\Person13\Person13_31.jpg,13,NO_CAPTION
106,106,106,Person13_32.jpg,106,MC2\MC2-Image-Data\Person13\Person13_32.jpg,13,NO_CAPTION
107,107,107,Person13_33.jpg,107,MC2\MC2-Image-Data\Person13\Person13_33.jpg,13,NO_CAPTION
108,108,108,Person13_34.jpg,108,MC2\MC2-Image-Data\Person13\Person13_34.jpg,13,One heck of a party for that to end up there...
109,109,109,Person13_35.jpg,109,MC2\MC2-Image-Data\Person13\Person13_35.jpg,13,NO_CAPTION
110,110,110,Person13_36.jpg,110,MC2\MC2-Image-Data\Person13\Person13_36.jpg,13,NO_CAPTION
111,111,111,Person13_37.jpg,111,MC2\MC2-Image-Data\Person13\Person13_37.jpg,13,Anyone else hang their sunglasses off their dishwasher? Just me? Thought so.
112,112,112,Person13_4.jpg,112,MC2\MC2-Image-Data\Person13\Person13_4.jpg,13,Ready for poker night tonight
113,113,113,Person13_5.jpg,113,MC2\MC2-Image-Data\Person13\Person13_5.jpg,13,Anyone order a loud party?
114,114,114,Person13_6.jpg,114,MC2\MC2-Image-Data\Person13\Person13_6.jpg,13,Cool shades ready for the day? Check.
115,115,115,Person13_7.jpg,115,MC2\MC2-Image-Data\Person13\Person13_7.jpg,13,NO_CAPTION
116,116,116,Person13_8.jpg,116,MC2\MC2-Image-Data\Person13\Person13_8.jpg,13,Leftover goodies from the kid's party.
117,117,117,Person13_9.jpg,117,MC2\MC2-Image-Data\Person13\Person13_9.jpg,13,This plate is cool enough to be a decoration
118,118,118,Person14_1.jpg,118,MC2\MC2-Image-Data\Person14\Person14_1.jpg,14,prophetic decorations for todays weather
119,119,119,Person14_10.jpg,119,MC2\MC2-Image-Data\Person14\Person14_10.jpg,14,NO_CAPTION
120,120,120,Person14_11.jpg,120,MC2\MC2-Image-Data\Person14\Person14_11.jpg,14,NO_CAPTION
121,121,121,Person14_12.jpg,121,MC2\MC2-Image-Data\Person14\Person14_12.jpg,14,NO_CAPTION
122,122,122,Person14_13.jpg,122,MC2\MC2-Image-Data\Person14\Person14_13.jpg,14,my pink candle keeps blowing out in the wind
123,123,123,Person14_14.jpg,123,MC2\MC2-Image-Data\Person14\Person14_14.jpg,14,NO_CAPTION
124,124,124,Person14_15.jpg,124,MC2\MC2-Image-Data\Person14\Person14_15.jpg,14,NO_CAPTION
125,125,125,Person14_16.jpg,125,MC2\MC2-Image-Data\Person14\Person14_16.jpg,14,NO_CAPTION
126,126,126,Person14_17.jpg,126,MC2\MC2-Image-Data\Person14\Person14_17.jpg,14,NO_CAPTION
127,127,127,Person14_18.jpg,127,MC2\MC2-Image-Data\Person14\Person14_18.jpg,14,NO_CAPTION
128,128,128,Person14_19.jpg,128,MC2\MC2-Image-Data\Person14\Person14_19.jpg,14,NO_CAPTION
129,129,129,Person14_2.jpg,129,MC2\MC2-Image-Data\Person14\Person14_2.jpg,14,NO_CAPTION
130,130,130,Person14_3.jpg,130,MC2\MC2-Image-Data\Person14\Person14_3.jpg,14,NO_CAPTION
131,131,131,Person14_4.jpg,131,MC2\MC2-Image-Data\Person14\Person14_4.jpg,14,NO_CAPTION
132,132,132,Person14_5.jpg,132,MC2\MC2-Image-Data\Person14\Person14_5.jpg,14,this spinner is fun to watch
133,133,133,Person14_6.jpg,133,MC2\MC2-Image-Data\Person14\Person14_6.jpg,14,in minicard bridge doubles are halved
134,134,134,Person14_7.jpg,134,MC2\MC2-Image-Data\Person14\Person14_7.jpg,14,NO_CAPTION
135,135,135,Person14_8.jpg,135,MC2\MC2-Image-Data\Person14\Person14_8.jpg,14,NO_CAPTION
136,136,136,Person14_9.jpg,136,MC2\MC2-Image-Data\Person14\Person14_9.jpg,14,a maple leaf pencil reminds me of home
137,137,137,Person15_1.jpg,137,MC2\MC2-Image-Data\Person15\Person15_1.jpg,15,supporting the lads with these noisemaker sticks
138,138,138,Person15_10.jpg,138,MC2\MC2-Image-Data\Person15\Person15_10.jpg,15,NO_CAPTION
139,139,139,Person15_11.jpg,139,MC2\MC2-Image-Data\Person15\Person15_11.jpg,15,tossing a jet ball
140,140,140,Person15_12.jpg,140,MC2\MC2-Image-Data\Person15\Person15_12.jpg,15,NO_CAPTION
141,141,141,Person15_13.jpg,141,MC2\MC2-Image-Data\Person15\Person15_13.jpg,15,a villainous recording
142,142,142,Person15_2.jpg,142,MC2\MC2-Image-Data\Person15\Person15_2.jpg,15,NO_CAPTION
143,143,143,Person15_3.jpg,143,MC2\MC2-Image-Data\Person15\Person15_3.jpg,15,hello world written on the sign
144,144,144,Person15_4.jpg,144,MC2\MC2-Image-Data\Person15\Person15_4.jpg,15,NO_CAPTION
145,145,145,Person15_5.jpg,145,MC2\MC2-Image-Data\Person15\Person15_5.jpg,15,golden glover ender inciarte tripping over this massive hair roller
146,146,146,Person15_6.jpg,146,MC2\MC2-Image-Data\Person15\Person15_6.jpg,15,NO_CAPTION
147,147,147,Person15_7.jpg,147,MC2\MC2-Image-Data\Person15\Person15_7.jpg,15,erasing my banana doodle with pinkeraser
148,148,148,Person15_8.jpg,148,MC2\MC2-Image-Data\Person15\Person15_8.jpg,15,NO_CAPTION
149,149,149,Person15_9.jpg,149,MC2\MC2-Image-Data\Person15\Person15_9.jpg,15,braves hofer andruw jones was never seen w/o his trust bird whistle
150,150,150,Person16_1.jpg,150,MC2\MC2-Image-Data\Person16\Person16_1.jpg,16,NO_CAPTION
151,151,151,Person16_10.jpg,151,MC2\MC2-Image-Data\Person16\Person16_10.jpg,16,NO_CAPTION
152,152,152,Person16_2.jpg,152,MC2\MC2-Image-Data\Person16\Person16_2.jpg,16,NO_CAPTION
153,153,153,Person16_3.jpg,153,MC2\MC2-Image-Data\Person16\Person16_3.jpg,16,NO_CAPTION
154,154,154,Person16_4.jpg,154,MC2\MC2-Image-Data\Person16\Person16_4.jpg,16,NO_CAPTION
155,155,155,Person16_5.jpg,155,MC2\MC2-Image-Data\Person16\Person16_5.jpg,16,NO_CAPTION
156,156,156,Person16_6.jpg,156,MC2\MC2-Image-Data\Person16\Person16_6.jpg,16,NO_CAPTION
157,157,157,Person16_7.jpg,157,MC2\MC2-Image-Data\Person16\Person16_7.jpg,16,NO_CAPTION
158,158,158,Person16_8.jpg,158,MC2\MC2-Image-Data\Person16\Person16_8.jpg,16,NO_CAPTION
159,159,159,Person16_9.jpg,159,MC2\MC2-Image-Data\Person16\Person16_9.jpg,16,NO_CAPTION
160,160,160,Person17_1.jpg,160,MC2\MC2-Image-Data\Person17\Person17_1.jpg,17,NO_CAPTION
161,161,161,Person17_10.jpg,161,MC2\MC2-Image-Data\Person17\Person17_10.jpg,17,NO_CAPTION
162,162,162,Person17_11.jpg,162,MC2\MC2-Image-Data\Person17\Person17_11.jpg,17,NO_CAPTION
163,163,163,Person17_12.jpg,163,MC2\MC2-Image-Data\Person17\Person17_12.jpg,17,NO_CAPTION
164,164,164,Person17_13.jpg,164,MC2\MC2-Image-Data\Person17\Person17_13.jpg,17,NO_CAPTION
165,165,165,Person17_14.jpg,165,MC2\MC2-Image-Data\Person17\Person17_14.jpg,17,NO_CAPTION
166,166,166,Person17_15.jpg,166,MC2\MC2-Image-Data\Person17\Person17_15.jpg,17,NO_CAPTION
167,167,167,Person17_16.jpg,167,MC2\MC2-Image-Data\Person17\Person17_16.jpg,17,NO_CAPTION
168,168,168,Person17_17.jpg,168,MC2\MC2-Image-Data\Person17\Person17_17.jpg,17,NO_CAPTION
169,169,169,Person17_18.jpg,169,MC2\MC2-Image-Data\Person17\Person17_18.jpg,17,NO_CAPTION
170,170,170,Person17_19.jpg,170,MC2\MC2-Image-Data\Person17\Person17_19.jpg,17,NO_CAPTION
171,171,171,Person17_2.jpg,171,MC2\MC2-Image-Data\Person17\Person17_2.jpg,17,NO_CAPTION
172,172,172,Person17_20.jpg,172,MC2\MC2-Image-Data\Person17\Person17_20.jpg,17,NO_CAPTION
173,173,173,Person17_21.jpg,173,MC2\MC2-Image-Data\Person17\Person17_21.jpg,17,NO_CAPTION
174,174,174,Person17_22.jpg,174,MC2\MC2-Image-Data\Person17\Person17_22.jpg,17,NO_CAPTION
175,175,175,Person17_23.jpg,175,MC2\MC2-Image-Data\Person17\Person17_23.jpg,17,NO_CAPTION
176,176,176,Person17_24.jpg,176,MC2\MC2-Image-Data\Person17\Person17_24.jpg,17,NO_CAPTION
177,177,177,Person17_25.jpg,177,MC2\MC2-Image-Data\Person17\Person17_25.jpg,17,NO_CAPTION
178,178,178,Person17_26.jpg,178,MC2\MC2-Image-Data\Person17\Person17_26.jpg,17,NO_CAPTION
179,179,179,Person17_27.jpg,179,MC2\MC2-Image-Data\Person17\Person17_27.jpg,17,NO_CAPTION
180,180,180,Person17_28.jpg,180,MC2\MC2-Image-Data\Person17\Person17_28.jpg,17,NO_CAPTION
181,181,181,Person17_29.jpg,181,MC2\MC2-Image-Data\Person17\Person17_29.jpg,17,NO_CAPTION
182,182,182,Person17_3.jpg,182,MC2\MC2-Image-Data\Person17\Person17_3.jpg,17,NO_CAPTION
183,183,183,Person17_30.jpg,183,MC2\MC2-Image-Data\Person17\Person17_30.jpg,17,NO_CAPTION
184,184,184,Person17_31.jpg,184,MC2\MC2-Image-Data\Person17\Person17_31.jpg,17,NO_CAPTION
185,185,185,Person17_32.jpg,185,MC2\MC2-Image-Data\Person17\Person17_32.jpg,17,NO_CAPTION
186,186,186,Person17_33.jpg,186,MC2\MC2-Image-Data\Person17\Person17_33.jpg,17,NO_CAPTION
187,187,187,Person17_34.jpg,187,MC2\MC2-Image-Data\Person17\Person17_34.jpg,17,NO_CAPTION
188,188,188,Person17_35.jpg,188,MC2\MC2-Image-Data\Person17\Person17_35.jpg,17,NO_CAPTION
189,189,189,Person17_36.jpg,189,MC2\MC2-Image-Data\Person17\Person17_36.jpg,17,NO_CAPTION
190,190,190,Person17_37.jpg,190,MC2\MC2-Image-Data\Person17\Person17_37.jpg,17,NO_CAPTION
191,191,191,Person17_38.jpg,191,MC2\MC2-Image-Data\Person17\Person17_38.jpg,17,NO_CAPTION
192,192,192,Person17_39.jpg,192,MC2\MC2-Image-Data\Person17\Person17_39.jpg,17,NO_CAPTION
193,193,193,Person17_4.jpg,193,MC2\MC2-Image-Data\Person17\Person17_4.jpg,17,NO_CAPTION
194,194,194,Person17_40.jpg,194,MC2\MC2-Image-Data\Person17\Person17_40.jpg,17,NO_CAPTION
195,195,195,Person17_41.jpg,195,MC2\MC2-Image-Data\Person17\Person17_41.jpg,17,NO_CAPTION
196,196,196,Person17_42.jpg,196,MC2\MC2-Image-Data\Person17\Person17_42.jpg,17,NO_CAPTION
197,197,197,Person17_43.jpg,197,MC2\MC2-Image-Data\Person17\Person17_43.jpg,17,NO_CAPTION
198,198,198,Person17_44.jpg,198,MC2\MC2-Image-Data\Person17\Person17_44.jpg,17,NO_CAPTION
199,199,199,Person17_45.jpg,199,MC2\MC2-Image-Data\Person17\Person17_45.jpg,17,NO_CAPTION
200,200,200,Person17_46.jpg,200,MC2\MC2-Image-Data\Person17\Person17_46.jpg,17,NO_CAPTION
201,201,201,Person17_47.jpg,201,MC2\MC2-Image-Data\Person17\Person17_47.jpg,17,NO_CAPTION
202,202,202,Person17_48.jpg,202,MC2\MC2-Image-Data\Person17\Person17_48.jpg,17,NO_CAPTION
203,203,203,Person17_49.jpg,203,MC2\MC2-Image-Data\Person17\Person17_49.jpg,17,NO_CAPTION
204,204,204,Person17_5.jpg,204,MC2\MC2-Image-Data\Person17\Person17_5.jpg,17,NO_CAPTION
205,205,205,Person17_50.jpg,205,MC2\MC2-Image-Data\Person17\Person17_50.jpg,17,NO_CAPTION
206,206,206,Person17_51.jpg,206,MC2\MC2-Image-Data\Person17\Person17_51.jpg,17,NO_CAPTION
207,207,207,Person17_52.jpg,207,MC2\MC2-Image-Data\Person17\Person17_52.jpg,17,NO_CAPTION
208,208,208,Person17_53.jpg,208,MC2\MC2-Image-Data\Person17\Person17_53.jpg,17,NO_CAPTION
209,209,209,Person17_54.jpg,209,MC2\MC2-Image-Data\Person17\Person17_54.jpg,17,NO_CAPTION
210,210,210,Person17_55.jpg,210,MC2\MC2-Image-Data\Person17\Person17_55.jpg,17,NO_CAPTION
211,211,211,Person17_56.jpg,211,MC2\MC2-Image-Data\Person17\Person17_56.jpg,17,NO_CAPTION
212,212,212,Person17_57.jpg,212,MC2\MC2-Image-Data\Person17\Person17_57.jpg,17,NO_CAPTION
213,213,213,Person17_58.jpg,213,MC2\MC2-Image-Data\Person17\Person17_58.jpg,17,NO_CAPTION
214,214,214,Person17_59.jpg,214,MC2\MC2-Image-Data\Person17\Person17_59.jpg,17,NO_CAPTION
215,215,215,Person17_6.jpg,215,MC2\MC2-Image-Data\Person17\Person17_6.jpg,17,NO_CAPTION
216,216,216,Person17_60.jpg,216,MC2\MC2-Image-Data\Person17\Person17_60.jpg,17,NO_CAPTION
217,217,217,Person17_61.jpg,217,MC2\MC2-Image-Data\Person17\Person17_61.jpg,17,NO_CAPTION
218,218,218,Person17_62.jpg,218,MC2\MC2-Image-Data\Person17\Person17_62.jpg,17,NO_CAPTION
219,219,219,Person17_63.jpg,219,MC2\MC2-Image-Data\Person17\Person17_63.jpg,17,NO_CAPTION
220,220,220,Person17_64.jpg,220,MC2\MC2-Image-Data\Person17\Person17_64.jpg,17,NO_CAPTION
221,221,221,Person17_7.jpg,221,MC2\MC2-Image-Data\Person17\Person17_7.jpg,17,NO_CAPTION
222,222,222,Person17_8.jpg,222,MC2\MC2-Image-Data\Person17\Person17_8.jpg,17,NO_CAPTION
223,223,223,Person17_9.jpg,223,MC2\MC2-Image-Data\Person17\Person17_9.jpg,17,NO_CAPTION
224,224,224,Person18_1.jpg,224,MC2\MC2-Image-Data\Person18\Person18_1.jpg,18,NO_CAPTION
225,225,225,Person18_2.jpg,225,MC2\MC2-Image-Data\Person18\Person18_2.jpg,18,NO_CAPTION
226,226,226,Person18_3.jpg,226,MC2\MC2-Image-Data\Person18\Person18_3.jpg,18,NO_CAPTION
227,227,227,Person18_4.jpg,227,MC2\MC2-Image-Data\Person18\Person18_4.jpg,18,NO_CAPTION
228,228,228,Person18_5.jpg,228,MC2\MC2-Image-Data\Person18\Person18_5.jpg,18,NO_CAPTION
229,229,229,Person18_6.jpg,229,MC2\MC2-Image-Data\Person18\Person18_6.jpg,18,NO_CAPTION
230,230,230,Person18_7.jpg,230,MC2\MC2-Image-Data\Person18\Person18_7.jpg,18,NO_CAPTION
231,231,231,Person18_8.jpg,231,MC2\MC2-Image-Data\Person18\Person18_8.jpg,18,NO_CAPTION
232,232,232,Person18_9.jpg,232,MC2\MC2-Image-Data\Person18\Person18_9.jpg,18,NO_CAPTION
233,233,233,Person19_1.jpg,233,MC2\MC2-Image-Data\Person19\Person19_1.jpg,19,NO_CAPTION
234,234,234,Person19_2.jpg,234,MC2\MC2-Image-Data\Person19\Person19_2.jpg,19,NO_CAPTION
235,235,235,Person19_3.jpg,235,MC2\MC2-Image-Data\Person19\Person19_3.jpg,19,NO_CAPTION
236,236,236,Person19_4.jpg,236,MC2\MC2-Image-Data\Person19\Person19_4.jpg,19,NO_CAPTION
237,237,237,Person19_5.jpg,237,MC2\MC2-Image-Data\Person19\Person19_5.jpg,19,NO_CAPTION
238,238,238,Person19_6.jpg,238,MC2\MC2-Image-Data\Person19\Person19_6.jpg,19,NO_CAPTION
239,239,239,Person19_7.jpg,239,MC2\MC2-Image-Data\Person19\Person19_7.jpg,19,NO_CAPTION
240,240,240,Person19_8.jpg,240,MC2\MC2-Image-Data\Person19\Person19_8.jpg,19,NO_CAPTION
241,241,241,Person2_1.jpg,241,MC2\MC2-Image-Data\Person2\Person2_1.jpg,2,NO_CAPTION
242,242,242,Person2_10.jpg,242,MC2\MC2-Image-Data\Person2\Person2_10.jpg,2,NO_CAPTION
243,243,243,Person2_11.jpg,243,MC2\MC2-Image-Data\Person2\Person2_11.jpg,2,NO_CAPTION
244,244,244,Person2_12.jpg,244,MC2\MC2-Image-Data\Person2\Person2_12.jpg,2,NO_CAPTION
245,245,245,Person2_13.jpg,245,MC2\MC2-Image-Data\Person2\Person2_13.jpg,2,NO_CAPTION
246,246,246,Person2_14.jpg,246,MC2\MC2-Image-Data\Person2\Person2_14.jpg,2,NO_CAPTION
247,247,247,Person2_15.jpg,247,MC2\MC2-Image-Data\Person2\Person2_15.jpg,2,NO_CAPTION
248,248,248,Person2_2.jpg,248,MC2\MC2-Image-Data\Person2\Person2_2.jpg,2,NO_CAPTION
249,249,249,Person2_3.jpg,249,MC2\MC2-Image-Data\Person2\Person2_3.jpg,2,NO_CAPTION
250,250,250,Person2_4.jpg,250,MC2\MC2-Image-Data\Person2\Person2_4.jpg,2,NO_CAPTION
251,251,251,Person2_5.jpg,251,MC2\MC2-Image-Data\Person2\Person2_5.jpg,2,NO_CAPTION
252,252,252,Person2_6.jpg,252,MC2\MC2-Image-Data\Person2\Person2_6.jpg,2,NO_CAPTION
253,253,253,Person2_7.jpg,253,MC2\MC2-Image-Data\Person2\Person2_7.jpg,2,NO_CAPTION
254,254,254,Person2_8.jpg,254,MC2\MC2-Image-Data\Person2\Person2_8.jpg,2,NO_CAPTION
255,255,255,Person2_9.jpg,255,MC2\MC2-Image-Data\Person2\Person2_9.jpg,2,NO_CAPTION
256,256,256,Person20_1.jpg,256,MC2\MC2-Image-Data\Person20\Person20_1.jpg,20,NO_CAPTION
257,257,257,Person20_10.jpg,257,MC2\MC2-Image-Data\Person20\Person20_10.jpg,20,NO_CAPTION
258,258,258,Person20_11.jpg,258,MC2\MC2-Image-Data\Person20\Person20_11.jpg,20,NO_CAPTION
259,259,259,Person20_12.jpg,259,MC2\MC2-Image-Data\Person20\Person20_12.jpg,20,NO_CAPTION
260,260,260,Person20_13.jpg,260,MC2\MC2-Image-Data\Person20\Person20_13.jpg,20,NO_CAPTION
261,261,261,Person20_14.jpg,261,MC2\MC2-Image-Data\Person20\Person20_14.jpg,20,NO_CAPTION
262,262,262,Person20_15.jpg,262,MC2\MC2-Image-Data\Person20\Person20_15.jpg,20,NO_CAPTION
263,263,263,Person20_16.jpg,263,MC2\MC2-Image-Data\Person20\Person20_16.jpg,20,NO_CAPTION
264,264,264,Person20_17.jpg,264,MC2\MC2-Image-Data\Person20\Person20_17.jpg,20,NO_CAPTION
265,265,265,Person20_18.jpg,265,MC2\MC2-Image-Data\Person20\Person20_18.jpg,20,NO_CAPTION
266,266,266,Person20_19.jpg,266,MC2\MC2-Image-Data\Person20\Person20_19.jpg,20,NO_CAPTION
267,267,267,Person20_2.jpg,267,MC2\MC2-Image-Data\Person20\Person20_2.jpg,20,NO_CAPTION
268,268,268,Person20_20.jpg,268,MC2\MC2-Image-Data\Person20\Person20_20.jpg,20,NO_CAPTION
269,269,269,Person20_21.jpg,269,MC2\MC2-Image-Data\Person20\Person20_21.jpg,20,NO_CAPTION
270,270,270,Person20_22.jpg,270,MC2\MC2-Image-Data\Person20\Person20_22.jpg,20,NO_CAPTION
271,271,271,Person20_23.jpg,271,MC2\MC2-Image-Data\Person20\Person20_23.jpg,20,NO_CAPTION
272,272,272,Person20_24.jpg,272,MC2\MC2-Image-Data\Person20\Person20_24.jpg,20,NO_CAPTION
273,273,273,Person20_25.jpg,273,MC2\MC2-Image-Data\Person20\Person20_25.jpg,20,NO_CAPTION
274,274,274,Person20_26.jpg,274,MC2\MC2-Image-Data\Person20\Person20_26.jpg,20,NO_CAPTION
275,275,275,Person20_27.jpg,275,MC2\MC2-Image-Data\Person20\Person20_27.jpg,20,NO_CAPTION
276,276,276,Person20_28.jpg,276,MC2\MC2-Image-Data\Person20\Person20_28.jpg,20,NO_CAPTION
277,277,277,Person20_29.jpg,277,MC2\MC2-Image-Data\Person20\Person20_29.jpg,20,NO_CAPTION
278,278,278,Person20_3.jpg,278,MC2\MC2-Image-Data\Person20\Person20_3.jpg,20,NO_CAPTION
279,279,279,Person20_4.jpg,279,MC2\MC2-Image-Data\Person20\Person20_4.jpg,20,NO_CAPTION
280,280,280,Person20_5.jpg,280,MC2\MC2-Image-Data\Person20\Person20_5.jpg,20,NO_CAPTION
281,281,281,Person20_6.jpg,281,MC2\MC2-Image-Data\Person20\Person20_6.jpg,20,NO_CAPTION
282,282,282,Person20_7.jpg,282,MC2\MC2-Image-Data\Person20\Person20_7.jpg,20,NO_CAPTION
283,283,283,Person20_8.jpg,283,MC2\MC2-Image-Data\Person20\Person20_8.jpg,20,NO_CAPTION
284,284,284,Person20_9.jpg,284,MC2\MC2-Image-Data\Person20\Person20_9.jpg,20,NO_CAPTION
285,285,285,Person21_1.jpg,285,MC2\MC2-Image-Data\Person21\Person21_1.jpg,21,NO_CAPTION
286,286,286,Person21_2.jpg,286,MC2\MC2-Image-Data\Person21\Person21_2.jpg,21,NO_CAPTION
287,287,287,Person21_3.jpg,287,MC2\MC2-Image-Data\Person21\Person21_3.jpg,21,NO_CAPTION
288,288,288,Person21_4.jpg,288,MC2\MC2-Image-Data\Person21\Person21_4.jpg,21,NO_CAPTION
289,289,289,Person22_1.jpg,289,MC2\MC2-Image-Data\Person22\Person22_1.jpg,22,NO_CAPTION
290,290,290,Person22_2.jpg,290,MC2\MC2-Image-Data\Person22\Person22_2.jpg,22,NO_CAPTION
291,291,291,Person22_3.jpg,291,MC2\MC2-Image-Data\Person22\Person22_3.jpg,22,NO_CAPTION
292,292,292,Person22_4.jpg,292,MC2\MC2-Image-Data\Person22\Person22_4.jpg,22,NO_CAPTION
293,293,293,Person22_5.jpg,293,MC2\MC2-Image-Data\Person22\Person22_5.jpg,22,NO_CAPTION
294,294,294,Person22_6.jpg,294,MC2\MC2-Image-Data\Person22\Person22_6.jpg,22,NO_CAPTION
295,295,295,Person22_7.jpg,295,MC2\MC2-Image-Data\Person22\Person22_7.jpg,22,NO_CAPTION
296,296,296,Person22_8.jpg,296,MC2\MC2-Image-Data\Person22\Person22_8.jpg,22,NO_CAPTION
297,297,297,Person23_1.jpg,297,MC2\MC2-Image-Data\Person23\Person23_1.jpg,23,NO_CAPTION
298,298,298,Person23_10.jpg,298,MC2\MC2-Image-Data\Person23\Person23_10.jpg,23,NO_CAPTION
299,299,299,Person23_11.jpg,299,MC2\MC2-Image-Data\Person23\Person23_11.jpg,23,NO_CAPTION
300,300,300,Person23_12.jpg,300,MC2\MC2-Image-Data\Person23\Person23_12.jpg,23,NO_CAPTION
301,301,301,Person23_13.jpg,301,MC2\MC2-Image-Data\Person23\Person23_13.jpg,23,NO_CAPTION
302,302,302,Person23_14.jpg,302,MC2\MC2-Image-Data\Person23\Person23_14.jpg,23,NO_CAPTION
303,303,303,Person23_15.jpg,303,MC2\MC2-Image-Data\Person23\Person23_15.jpg,23,NO_CAPTION
304,304,304,Person23_16.jpg,304,MC2\MC2-Image-Data\Person23\Person23_16.jpg,23,NO_CAPTION
305,305,305,Person23_17.jpg,305,MC2\MC2-Image-Data\Person23\Person23_17.jpg,23,NO_CAPTION
306,306,306,Person23_18.jpg,306,MC2\MC2-Image-Data\Person23\Person23_18.jpg,23,NO_CAPTION
307,307,307,Person23_19.jpg,307,MC2\MC2-Image-Data\Person23\Person23_19.jpg,23,NO_CAPTION
308,308,308,Person23_2.jpg,308,MC2\MC2-Image-Data\Person23\Person23_2.jpg,23,NO_CAPTION
309,309,309,Person23_20.jpg,309,MC2\MC2-Image-Data\Person23\Person23_20.jpg,23,NO_CAPTION
310,310,310,Person23_21.jpg,310,MC2\MC2-Image-Data\Person23\Person23_21.jpg,23,NO_CAPTION
311,311,311,Person23_22.jpg,311,MC2\MC2-Image-Data\Person23\Person23_22.jpg,23,NO_CAPTION
312,312,312,Person23_23.jpg,312,MC2\MC2-Image-Data\Person23\Person23_23.jpg,23,NO_CAPTION
313,313,313,Person23_24.jpg,313,MC2\MC2-Image-Data\Person23\Person23_24.jpg,23,NO_CAPTION
314,314,314,Person23_25.jpg,314,MC2\MC2-Image-Data\Person23\Person23_25.jpg,23,NO_CAPTION
315,315,315,Person23_26.jpg,315,MC2\MC2-Image-Data\Person23\Person23_26.jpg,23,NO_CAPTION
316,316,316,Person23_27.jpg,316,MC2\MC2-Image-Data\Person23\Person23_27.jpg,23,NO_CAPTION
317,317,317,Person23_28.jpg,317,MC2\MC2-Image-Data\Person23\Person23_28.jpg,23,NO_CAPTION
318,318,318,Person23_29.jpg,318,MC2\MC2-Image-Data\Person23\Person23_29.jpg,23,NO_CAPTION
319,319,319,Person23_3.jpg,319,MC2\MC2-Image-Data\Person23\Person23_3.jpg,23,NO_CAPTION
320,320,320,Person23_30.jpg,320,MC2\MC2-Image-Data\Person23\Person23_30.jpg,23,NO_CAPTION
321,321,321,Person23_31.jpg,321,MC2\MC2-Image-Data\Person23\Person23_31.jpg,23,NO_CAPTION
322,322,322,Person23_32.jpg,322,MC2\MC2-Image-Data\Person23\Person23_32.jpg,23,NO_CAPTION
323,323,323,Person23_33.jpg,323,MC2\MC2-Image-Data\Person23\Person23_33.jpg,23,NO_CAPTION
324,324,324,Person23_34.jpg,324,MC2\MC2-Image-Data\Person23\Person23_34.jpg,23,NO_CAPTION
325,325,325,Person23_35.jpg,325,MC2\MC2-Image-Data\Person23\Person23_35.jpg,23,NO_CAPTION
326,326,326,Person23_36.jpg,326,MC2\MC2-Image-Data\Person23\Person23_36.jpg,23,NO_CAPTION
327,327,327,Person23_37.jpg,327,MC2\MC2-Image-Data\Person23\Person23_37.jpg,23,NO_CAPTION
328,328,328,Person23_38.jpg,328,MC2\MC2-Image-Data\Person23\Person23_38.jpg,23,NO_CAPTION
329,329,329,Person23_39.jpg,329,MC2\MC2-Image-Data\Person23\Person23_39.jpg,23,NO_CAPTION
330,330,330,Person23_4.jpg,330,MC2\MC2-Image-Data\Person23\Person23_4.jpg,23,NO_CAPTION
331,331,331,Person23_40.jpg,331,MC2\MC2-Image-Data\Person23\Person23_40.jpg,23,NO_CAPTION
332,332,332,Person23_41.jpg,332,MC2\MC2-Image-Data\Person23\Person23_41.jpg,23,NO_CAPTION
333,333,333,Person23_42.jpg,333,MC2\MC2-Image-Data\Person23\Person23_42.jpg,23,NO_CAPTION
334,334,334,Person23_43.jpg,334,MC2\MC2-Image-Data\Person23\Person23_43.jpg,23,NO_CAPTION
335,335,335,Person23_44.jpg,335,MC2\MC2-Image-Data\Person23\Person23_44.jpg,23,NO_CAPTION
336,336,336,Person23_45.jpg,336,MC2\MC2-Image-Data\Person23\Person23_45.jpg,23,NO_CAPTION
337,337,337,Person23_46.jpg,337,MC2\MC2-Image-Data\Person23\Person23_46.jpg,23,NO_CAPTION
338,338,338,Person23_47.jpg,338,MC2\MC2-Image-Data\Person23\Person23_47.jpg,23,NO_CAPTION
339,339,339,Person23_48.jpg,339,MC2\MC2-Image-Data\Person23\Person23_48.jpg,23,NO_CAPTION
340,340,340,Person23_49.jpg,340,MC2\MC2-Image-Data\Person23\Person23_49.jpg,23,NO_CAPTION
341,341,341,Person23_5.jpg,341,MC2\MC2-Image-Data\Person23\Person23_5.jpg,23,NO_CAPTION
342,342,342,Person23_50.jpg,342,MC2\MC2-Image-Data\Person23\Person23_50.jpg,23,NO_CAPTION
343,343,343,Person23_51.jpg,343,MC2\MC2-Image-Data\Person23\Person23_51.jpg,23,NO_CAPTION
344,344,344,Person23_52.jpg,344,MC2\MC2-Image-Data\Person23\Person23_52.jpg,23,NO_CAPTION
345,345,345,Person23_53.jpg,345,MC2\MC2-Image-Data\Person23\Person23_53.jpg,23,NO_CAPTION
346,346,346,Person23_54.jpg,346,MC2\MC2-Image-Data\Person23\Person23_54.jpg,23,NO_CAPTION
347,347,347,Person23_55.jpg,347,MC2\MC2-Image-Data\Person23\Person23_55.jpg,23,NO_CAPTION
348,348,348,Person23_56.jpg,348,MC2\MC2-Image-Data\Person23\Person23_56.jpg,23,NO_CAPTION
349,349,349,Person23_57.jpg,349,MC2\MC2-Image-Data\Person23\Person23_57.jpg,23,NO_CAPTION
350,350,350,Person23_58.jpg,350,MC2\MC2-Image-Data\Person23\Person23_58.jpg,23,NO_CAPTION
351,351,351,Person23_59.jpg,351,MC2\MC2-Image-Data\Person23\Person23_59.jpg,23,NO_CAPTION
352,352,352,Person23_6.jpg,352,MC2\MC2-Image-Data\Person23\Person23_6.jpg,23,NO_CAPTION
353,353,353,Person23_60.jpg,353,MC2\MC2-Image-Data\Person23\Person23_60.jpg,23,NO_CAPTION
354,354,354,Person23_61.jpg,354,MC2\MC2-Image-Data\Person23\Person23_61.jpg,23,NO_CAPTION
355,355,355,Person23_62.jpg,355,MC2\MC2-Image-Data\Person23\Person23_62.jpg,23,NO_CAPTION
356,356,356,Person23_63.jpg,356,MC2\MC2-Image-Data\Person23\Person23_63.jpg,23,NO_CAPTION
357,357,357,Person23_64.jpg,357,MC2\MC2-Image-Data\Person23\Person23_64.jpg,23,NO_CAPTION
358,358,358,Person23_65.jpg,358,MC2\MC2-Image-Data\Person23\Person23_65.jpg,23,NO_CAPTION
359,359,359,Person23_66.jpg,359,MC2\MC2-Image-Data\Person23\Person23_66.jpg,23,NO_CAPTION
360,360,360,Person23_67.jpg,360,MC2\MC2-Image-Data\Person23\Person23_67.jpg,23,NO_CAPTION
361,361,361,Person23_68.jpg,361,MC2\MC2-Image-Data\Person23\Person23_68.jpg,23,NO_CAPTION
362,362,362,Person23_69.jpg,362,MC2\MC2-Image-Data\Person23\Person23_69.jpg,23,NO_CAPTION
363,363,363,Person23_7.jpg,363,MC2\MC2-Image-Data\Person23\Person23_7.jpg,23,NO_CAPTION
364,364,364,Person23_70.jpg,364,MC2\MC2-Image-Data\Person23\Person23_70.jpg,23,NO_CAPTION
365,365,365,Person23_71.jpg,365,MC2\MC2-Image-Data\Person23\Person23_71.jpg,23,NO_CAPTION
366,366,366,Person23_72.jpg,366,MC2\MC2-Image-Data\Person23\Person23_72.jpg,23,NO_CAPTION
367,367,367,Person23_73.jpg,367,MC2\MC2-Image-Data\Person23\Person23_73.jpg,23,NO_CAPTION
368,368,368,Person23_74.jpg,368,MC2\MC2-Image-Data\Person23\Person23_74.jpg,23,NO_CAPTION
369,369,369,Person23_75.jpg,369,MC2\MC2-Image-Data\Person23\Person23_75.jpg,23,NO_CAPTION
370,370,370,Person23_76.jpg,370,MC2\MC2-Image-Data\Person23\Person23_76.jpg,23,NO_CAPTION
371,371,371,Person23_77.jpg,371,MC2\MC2-Image-Data\Person23\Person23_77.jpg,23,NO_CAPTION
372,372,372,Person23_78.jpg,372,MC2\MC2-Image-Data\Person23\Person23_78.jpg,23,NO_CAPTION
373,373,373,Person23_79.jpg,373,MC2\MC2-Image-Data\Person23\Person23_79.jpg,23,NO_CAPTION
374,374,374,Person23_8.jpg,374,MC2\MC2-Image-Data\Person23\Person23_8.jpg,23,NO_CAPTION
375,375,375,Person23_80.jpg,375,MC2\MC2-Image-Data\Person23\Person23_80.jpg,23,NO_CAPTION
376,376,376,Person23_81.jpg,376,MC2\MC2-Image-Data\Person23\Person23_81.jpg,23,NO_CAPTION
377,377,377,Person23_82.jpg,377,MC2\MC2-Image-Data\Person23\Person23_82.jpg,23,NO_CAPTION
378,378,378,Person23_83.jpg,378,MC2\MC2-Image-Data\Person23\Person23_83.jpg,23,NO_CAPTION
379,379,379,Person23_9.jpg,379,MC2\MC2-Image-Data\Person23\Person23_9.jpg,23,NO_CAPTION
380,380,380,Person24_1.jpg,380,MC2\MC2-Image-Data\Person24\Person24_1.jpg,24,The World's hardest game of solitaire
381,381,381,Person24_10.jpg,381,MC2\MC2-Image-Data\Person24\Person24_10.jpg,24,NO_CAPTION
382,382,382,Person24_11.jpg,382,MC2\MC2-Image-Data\Person24\Person24_11.jpg,24,NO_CAPTION
383,383,383,Person24_12.jpg,383,MC2\MC2-Image-Data\Person24\Person24_12.jpg,24,NO_CAPTION
384,384,384,Person24_13.jpg,384,MC2\MC2-Image-Data\Person24\Person24_13.jpg,24,NO_CAPTION
385,385,385,Person24_14.jpg,385,MC2\MC2-Image-Data\Person24\Person24_14.jpg,24,NO_CAPTION
386,386,386,Person24_2.jpg,386,MC2\MC2-Image-Data\Person24\Person24_2.jpg,24,NO_CAPTION
387,387,387,Person24_3.jpg,387,MC2\MC2-Image-Data\Person24\Person24_3.jpg,24,NO_CAPTION
388,388,388,Person24_4.jpg,388,MC2\MC2-Image-Data\Person24\Person24_4.jpg,24,NO_CAPTION
389,389,389,Person24_5.jpg,389,MC2\MC2-Image-Data\Person24\Person24_5.jpg,24,NO_CAPTION
390,390,390,Person24_6.jpg,390,MC2\MC2-Image-Data\Person24\Person24_6.jpg,24,NO_CAPTION
391,391,391,Person24_7.jpg,391,MC2\MC2-Image-Data\Person24\Person24_7.jpg,24,NO_CAPTION
392,392,392,Person24_8.jpg,392,MC2\MC2-Image-Data\Person24\Person24_8.jpg,24,NO_CAPTION
393,393,393,Person24_9.jpg,393,MC2\MC2-Image-Data\Person24\Person24_9.jpg,24,NO_CAPTION
394,394,394,Person25_1.jpg,394,MC2\MC2-Image-Data\Person25\Person25_1.jpg,25,NO_CAPTION
395,395,395,Person25_10.jpg,395,MC2\MC2-Image-Data\Person25\Person25_10.jpg,25,NO_CAPTION
396,396,396,Person25_11.jpg,396,MC2\MC2-Image-Data\Person25\Person25_11.jpg,25,NO_CAPTION
397,397,397,Person25_12.jpg,397,MC2\MC2-Image-Data\Person25\Person25_12.jpg,25,NO_CAPTION
398,398,398,Person25_13.jpg,398,MC2\MC2-Image-Data\Person25\Person25_13.jpg,25,NO_CAPTION
399,399,399,Person25_14.jpg,399,MC2\MC2-Image-Data\Person25\Person25_14.jpg,25,NO_CAPTION
400,400,400,Person25_15.jpg,400,MC2\MC2-Image-Data\Person25\Person25_15.jpg,25,NO_CAPTION
401,401,401,Person25_16.jpg,401,MC2\MC2-Image-Data\Person25\Person25_16.jpg,25,NO_CAPTION
402,402,402,Person25_17.jpg,402,MC2\MC2-Image-Data\Person25\Person25_17.jpg,25,NO_CAPTION
403,403,403,Person25_18.jpg,403,MC2\MC2-Image-Data\Person25\Person25_18.jpg,25,NO_CAPTION
404,404,404,Person25_19.jpg,404,MC2\MC2-Image-Data\Person25\Person25_19.jpg,25,NO_CAPTION
405,405,405,Person25_2.jpg,405,MC2\MC2-Image-Data\Person25\Person25_2.jpg,25,NO_CAPTION
406,406,406,Person25_20.jpg,406,MC2\MC2-Image-Data\Person25\Person25_20.jpg,25,NO_CAPTION
407,407,407,Person25_21.jpg,407,MC2\MC2-Image-Data\Person25\Person25_21.jpg,25,NO_CAPTION
408,408,408,Person25_22.jpg,408,MC2\MC2-Image-Data\Person25\Person25_22.jpg,25,NO_CAPTION
409,409,409,Person25_23.jpg,409,MC2\MC2-Image-Data\Person25\Person25_23.jpg,25,NO_CAPTION
410,410,410,Person25_24.jpg,410,MC2\MC2-Image-Data\Person25\Person25_24.jpg,25,NO_CAPTION
411,411,411,Person25_25.jpg,411,MC2\MC2-Image-Data\Person25\Person25_25.jpg,25,NO_CAPTION
412,412,412,Person25_26.jpg,412,MC2\MC2-Image-Data\Person25\Person25_26.jpg,25,NO_CAPTION
413,413,413,Person25_3.jpg,413,MC2\MC2-Image-Data\Person25\Person25_3.jpg,25,NO_CAPTION
414,414,414,Person25_4.jpg,414,MC2\MC2-Image-Data\Person25\Person25_4.jpg,25,NO_CAPTION
415,415,415,Person25_5.jpg,415,MC2\MC2-Image-Data\Person25\Person25_5.jpg,25,NO_CAPTION
416,416,416,Person25_6.jpg,416,MC2\MC2-Image-Data\Person25\Person25_6.jpg,25,NO_CAPTION
417,417,417,Person25_7.jpg,417,MC2\MC2-Image-Data\Person25\Person25_7.jpg,25,NO_CAPTION
418,418,418,Person25_8.jpg,418,MC2\MC2-Image-Data\Person25\Person25_8.jpg,25,NO_CAPTION
419,419,419,Person25_9.jpg,419,MC2\MC2-Image-Data\Person25\Person25_9.jpg,25,NO_CAPTION
420,420,420,Person26_1.jpg,420,MC2\MC2-Image-Data\Person26\Person26_1.jpg,26,A great day to craft. I wonder how much of a mess I can make today.
421,421,421,Person26_2.jpg,421,MC2\MC2-Image-Data\Person26\Person26_2.jpg,26,The cat of destruction has struck the innocent again.
422,422,422,Person26_3.jpg,422,MC2\MC2-Image-Data\Person26\Person26_3.jpg,26,Uh oh. Someone is going to have a bad when they realize they canâ€™t drive home from the park.
423,423,423,Person26_4.jpg,423,MC2\MC2-Image-Data\Person26\Person26_4.jpg,26,Plague apocalypse survival kit.
424,424,424,Person26_5.jpg,424,MC2\MC2-Image-Data\Person26\Person26_5.jpg,26,This is as close as I will get to a thunderstorm here. Not missing my soggy home.
425,425,425,Person26_6.jpg,425,MC2\MC2-Image-Data\Person26\Person26_6.jpg,26,NO_CAPTION
426,426,426,Person27_1.jpg,426,MC2\MC2-Image-Data\Person27\Person27_1.jpg,27,Look what we found in the glasses! A blank 3D printed carabiner!
427,427,427,Person27_10.jpg,427,MC2\MC2-Image-Data\Person27\Person27_10.jpg,27,"I was at a party, and you know what's interesting about this party? If you're single you wear a lego bracelet on your left wrist, otherwise on your right hand."
428,428,428,Person27_11.jpg,428,MC2\MC2-Image-Data\Person27\Person27_11.jpg,27,I am wandering who accidentally left his cute Lego bracelet on the grass.
429,429,429,Person27_12.jpg,429,MC2\MC2-Image-Data\Person27\Person27_12.jpg,27,My girlfriend is really sweet! But I don't think the pink candle goes well with tiramisu.
430,430,430,Person27_13.jpg,430,MC2\MC2-Image-Data\Person27\Person27_13.jpg,27,I found a cute pumpkin notebook next to sticky notes under the message wall.
431,431,431,Person27_14.jpg,431,MC2\MC2-Image-Data\Person27\Person27_14.jpg,27,My cute pumpkin notebook is just the same size as the sticky note.
432,432,432,Person27_2.jpg,432,MC2\MC2-Image-Data\Person27\Person27_2.jpg,27,We've just used a 3D printer to print a black hook that looks strong and can hold tens of kilograms.
433,433,433,Person27_3.jpg,433,MC2\MC2-Image-Data\Person27\Person27_3.jpg,27,"Of all our 3d-printed creations, the black hook is the one we're most proud of."
434,434,434,Person27_4.jpg,434,MC2\MC2-Image-Data\Person27\Person27_4.jpg,27,"The sun is so bright today, my sunglasses just came in handy."
435,435,435,Person27_5.jpg,435,MC2\MC2-Image-Data\Person27\Person27_5.jpg,27,Hey! Look! The little tiger in the sunglasses is reading a book!
436,436,436,Person27_6.jpg,436,MC2\MC2-Image-Data\Person27\Person27_6.jpg,27,I suddenly realized how handsome my little tiger looked in these blue sunglasses.
437,437,437,Person27_7.jpg,437,MC2\MC2-Image-Data\Person27\Person27_7.jpg,27,"My desk is a mess, with useless sunglasses and the black 3d-printed carabiner."
438,438,438,Person27_8.jpg,438,MC2\MC2-Image-Data\Person27\Person27_8.jpg,27,This pink foam hair roller really works! My bangs look great in the morning!
439,439,439,Person27_9.jpg,439,MC2\MC2-Image-Data\Person27\Person27_9.jpg,27,Look what we found in the yellow leaves! A rainbow colored bracelet!
440,440,440,Person28_1.jpg,440,MC2\MC2-Image-Data\Person28\Person28_1.jpg,28,The dragonfly sees a spider (ring) and wants to eat it as dinner. The dragonfly is confident in itself.
441,441,441,Person28_2.jpg,441,MC2\MC2-Image-Data\Person28\Person28_2.jpg,28,"Actually, the spider is under the protect of the spider web. The spider is waiting the dragonfly to put itself into the web."
442,442,442,Person28_3.jpg,442,MC2\MC2-Image-Data\Person28\Person28_3.jpg,28,"Sticker box meets the black hair clip. Sticker box: Hey, buddy. Why do you look like a crab? Black hair clip: I was kidnapped! Oh, you are laughing at me! Sticker box: I can only laugh......"
443,443,443,Person28_4.jpg,443,MC2\MC2-Image-Data\Person28\Person28_4.jpg,28,"When I came back to the lab tonight, I found an apple hung on the doorknob."
444,444,444,Person28_5.jpg,444,MC2\MC2-Image-Data\Person28\Person28_5.jpg,28,I hang the cowbell onto my schoolbag! I walked home at night along the side of the road. The cowbell rang along with the sound of the wind and the passing cars.
445,445,445,Person28_6.jpg,445,MC2\MC2-Image-Data\Person28\Person28_6.jpg,28,NO_CAPTION
446,446,446,Person29_1.jpg,446,MC2\MC2-Image-Data\Person29\Person29_1.jpg,29,NO_CAPTION
447,447,447,Person29_10.jpg,447,MC2\MC2-Image-Data\Person29\Person29_10.jpg,29,NO_CAPTION
448,448,448,Person29_11.jpg,448,MC2\MC2-Image-Data\Person29\Person29_11.jpg,29,NO_CAPTION
449,449,449,Person29_12.jpg,449,MC2\MC2-Image-Data\Person29\Person29_12.jpg,29,NO_CAPTION
450,450,450,Person29_13.jpg,450,MC2\MC2-Image-Data\Person29\Person29_13.jpg,29,NO_CAPTION
451,451,451,Person29_14.jpg,451,MC2\MC2-Image-Data\Person29\Person29_14.jpg,29,NO_CAPTION
452,452,452,Person29_2.jpg,452,MC2\MC2-Image-Data\Person29\Person29_2.jpg,29,NO_CAPTION
453,453,453,Person29_3.jpg,453,MC2\MC2-Image-Data\Person29\Person29_3.jpg,29,NO_CAPTION
454,454,454,Person29_4.jpg,454,MC2\MC2-Image-Data\Person29\Person29_4.jpg,29,NO_CAPTION
455,455,455,Person29_5.jpg,455,MC2\MC2-Image-Data\Person29\Person29_5.jpg,29,NO_CAPTION
456,456,456,Person29_6.jpg,456,MC2\MC2-Image-Data\Person29\Person29_6.jpg,29,NO_CAPTION
457,457,457,Person29_7.jpg,457,MC2\MC2-Image-Data\Person29\Person29_7.jpg,29,NO_CAPTION
458,458,458,Person29_8.jpg,458,MC2\MC2-Image-Data\Person29\Person29_8.jpg,29,NO_CAPTION
459,459,459,Person29_9.jpg,459,MC2\MC2-Image-Data\Person29\Person29_9.jpg,29,NO_CAPTION
460,460,460,Person3_1.jpg,460,MC2\MC2-Image-Data\Person3\Person3_1.jpg,3,1. good ideas are like blue orbs
461,461,461,Person3_10.jpg,461,MC2\MC2-Image-Data\Person3\Person3_10.jpg,3,10. unstacking these waxy color sticks was fun on its own.
462,462,462,Person3_11.jpg,462,MC2\MC2-Image-Data\Person3\Person3_11.jpg,3,11. I made a rainbow mess
463,463,463,Person3_12.jpg,463,MC2\MC2-Image-Data\Person3\Person3_12.jpg,3,12. the paper clip doesn't clip anything other than paper apparently. My apple was not securely held in this bag. 0 of 5 starts. VERY DISAPPOINTED! WOULD NOT RECOMMEND !
464,464,464,Person3_13.jpg,464,MC2\MC2-Image-Data\Person3\Person3_13.jpg,3,13. is this art or can it go away?
465,465,465,Person3_14.jpg,465,MC2\MC2-Image-Data\Person3\Person3_14.jpg,3,14. I sketched a still life of my deflated yellow friend.
466,466,466,Person3_15.jpg,466,MC2\MC2-Image-Data\Person3\Person3_15.jpg,3,15. The drawing tool drew itself. Very meta.
467,467,467,Person3_16.jpg,467,MC2\MC2-Image-Data\Person3\Person3_16.jpg,3,16. These stacked rainbow marks were my favorite
468,468,468,Person3_17.jpg,468,MC2\MC2-Image-Data\Person3\Person3_17.jpg,3,17. My back-lit balloon buddy
469,469,469,Person3_18.jpg,469,MC2\MC2-Image-Data\Person3\Person3_18.jpg,3,18. If my head was transparent
470,470,470,Person3_19.jpg,470,MC2\MC2-Image-Data\Person3\Person3_19.jpg,3,19. Now ballon buddy won't even look at me.
471,471,471,Person3_2.jpg,471,MC2\MC2-Image-Data\Person3\Person3_2.jpg,3,2. crystal stones can sometimes be face-melting. Just look at this guy
472,472,472,Person3_20.jpg,472,MC2\MC2-Image-Data\Person3\Person3_20.jpg,3,20. Seems like we're just happy to be taking a break.
473,473,473,Person3_21.jpg,473,MC2\MC2-Image-Data\Person3\Person3_21.jpg,3,21. Hanging upside will bring a smile to any oval's face
474,474,474,Person3_22.jpg,474,MC2\MC2-Image-Data\Person3\Person3_22.jpg,3,22. We made a color fort with a very small interior
475,475,475,Person3_23.jpg,475,MC2\MC2-Image-Data\Person3\Person3_23.jpg,3,23. Packed up my favorite pumpkin sketchbook for the day. Time to go home
476,476,476,Person3_24.jpg,476,MC2\MC2-Image-Data\Person3\Person3_24.jpg,3,24. I'm not sure how this violent color matchup came to be
477,477,477,Person3_25.jpg,477,MC2\MC2-Image-Data\Person3\Person3_25.jpg,3,NO_CAPTION
478,478,478,Person3_3.jpg,478,MC2\MC2-Image-Data\Person3\Person3_3.jpg,3,3. this paper clip reminds me of the spaceship from Galaga!
479,479,479,Person3_4.jpg,479,MC2\MC2-Image-Data\Person3\Person3_4.jpg,3,4. the metal is in focus and this is a great example of depth of field
480,480,480,Person3_5.jpg,480,MC2\MC2-Image-Data\Person3\Person3_5.jpg,3,5. In this example our depth of field focuses on the blue ball
481,481,481,Person3_6.jpg,481,MC2\MC2-Image-Data\Person3\Person3_6.jpg,3,6. The banana bell went back on the shelf. It was not my fav.
482,482,482,Person3_7.jpg,482,MC2\MC2-Image-Data\Person3\Person3_7.jpg,3,7. COLORING TIME!!!
483,483,483,Person3_8.jpg,483,MC2\MC2-Image-Data\Person3\Person3_8.jpg,3,8. That foil pumpkin on the cover is inspiring me to make some art.
484,484,484,Person3_9.jpg,484,MC2\MC2-Image-Data\Person3\Person3_9.jpg,3,9. There were a lot of colors available
485,485,485,Person30_1.jpg,485,MC2\MC2-Image-Data\Person30\Person30_1.jpg,30,NO_CAPTION
486,486,486,Person30_10.jpg,486,MC2\MC2-Image-Data\Person30\Person30_10.jpg,30,NO_CAPTION
487,487,487,Person30_11.jpg,487,MC2\MC2-Image-Data\Person30\Person30_11.jpg,30,NO_CAPTION
488,488,488,Person30_12.jpg,488,MC2\MC2-Image-Data\Person30\Person30_12.jpg,30,NO_CAPTION
489,489,489,Person30_13.jpg,489,MC2\MC2-Image-Data\Person30\Person30_13.jpg,30,NO_CAPTION
490,490,490,Person30_14.jpg,490,MC2\MC2-Image-Data\Person30\Person30_14.jpg,30,NO_CAPTION
491,491,491,Person30_15.jpg,491,MC2\MC2-Image-Data\Person30\Person30_15.jpg,30,NO_CAPTION
492,492,492,Person30_16.jpg,492,MC2\MC2-Image-Data\Person30\Person30_16.jpg,30,NO_CAPTION
493,493,493,Person30_17.jpg,493,MC2\MC2-Image-Data\Person30\Person30_17.jpg,30,NO_CAPTION
494,494,494,Person30_18.jpg,494,MC2\MC2-Image-Data\Person30\Person30_18.jpg,30,NO_CAPTION
495,495,495,Person30_2.jpg,495,MC2\MC2-Image-Data\Person30\Person30_2.jpg,30,NO_CAPTION
496,496,496,Person30_3.jpg,496,MC2\MC2-Image-Data\Person30\Person30_3.jpg,30,NO_CAPTION
497,497,497,Person30_4.jpg,497,MC2\MC2-Image-Data\Person30\Person30_4.jpg,30,NO_CAPTION
498,498,498,Person30_5.jpg,498,MC2\MC2-Image-Data\Person30\Person30_5.jpg,30,NO_CAPTION
499,499,499,Person30_6.jpg,499,MC2\MC2-Image-Data\Person30\Person30_6.jpg,30,NO_CAPTION
500,500,500,Person30_7.jpg,500,MC2\MC2-Image-Data\Person30\Person30_7.jpg,30,NO_CAPTION
501,501,501,Person30_8.jpg,501,MC2\MC2-Image-Data\Person30\Person30_8.jpg,30,NO_CAPTION
502,502,502,Person30_9.jpg,502,MC2\MC2-Image-Data\Person30\Person30_9.jpg,30,NO_CAPTION
503,503,503,Person31_1.jpg,503,MC2\MC2-Image-Data\Person31\Person31_1.jpg,31,"A day of a turtle 

It is a sunny day. A turtle lives happily in an 'emoji island'."
504,504,504,Person31_2.jpg,504,MC2\MC2-Image-Data\Person31\Person31_2.jpg,31,"The sun shines a lot, the small turtle builds up a big umbrealla with a rainball. He stays there happliy."
505,505,505,Person31_3.jpg,505,MC2\MC2-Image-Data\Person31\Person31_3.jpg,31,"Some hours later, his friend Dr.Duck comes - ""Hi, Mr Turtle, how's things going on?"", Said the duck.The turtle answers: ""Very good, you see my new sun glasses and umbrealla?"" ""Cool!""

The duck left."
506,506,506,Person31_4.jpg,506,MC2\MC2-Image-Data\Person31\Person31_4.jpg,31,"The turtle swimmed in a while in the sea, and found a very big diamond! Today is really a lucky day for it."
507,507,507,Person31_5.jpg,507,MC2\MC2-Image-Data\Person31\Person31_5.jpg,31,NO_CAPTION
508,508,508,Person32_1.jpg,508,MC2\MC2-Image-Data\Person32\Person32_1.jpg,32,NO_CAPTION
509,509,509,Person32_10.jpg,509,MC2\MC2-Image-Data\Person32\Person32_10.jpg,32,NO_CAPTION
510,510,510,Person32_11.jpg,510,MC2\MC2-Image-Data\Person32\Person32_11.jpg,32,NO_CAPTION
511,511,511,Person32_12.jpg,511,MC2\MC2-Image-Data\Person32\Person32_12.jpg,32,NO_CAPTION
512,512,512,Person32_13.jpg,512,MC2\MC2-Image-Data\Person32\Person32_13.jpg,32,NO_CAPTION
513,513,513,Person32_14.jpg,513,MC2\MC2-Image-Data\Person32\Person32_14.jpg,32,NO_CAPTION
514,514,514,Person32_15.jpg,514,MC2\MC2-Image-Data\Person32\Person32_15.jpg,32,NO_CAPTION
515,515,515,Person32_16.jpg,515,MC2\MC2-Image-Data\Person32\Person32_16.jpg,32,NO_CAPTION
516,516,516,Person32_17.jpg,516,MC2\MC2-Image-Data\Person32\Person32_17.jpg,32,NO_CAPTION
517,517,517,Person32_18.jpg,517,MC2\MC2-Image-Data\Person32\Person32_18.jpg,32,NO_CAPTION
518,518,518,Person32_19.jpg,518,MC2\MC2-Image-Data\Person32\Person32_19.jpg,32,NO_CAPTION
519,519,519,Person32_2.jpg,519,MC2\MC2-Image-Data\Person32\Person32_2.jpg,32,NO_CAPTION
520,520,520,Person32_20.jpg,520,MC2\MC2-Image-Data\Person32\Person32_20.jpg,32,NO_CAPTION
521,521,521,Person32_21.jpg,521,MC2\MC2-Image-Data\Person32\Person32_21.jpg,32,NO_CAPTION
522,522,522,Person32_22.jpg,522,MC2\MC2-Image-Data\Person32\Person32_22.jpg,32,NO_CAPTION
523,523,523,Person32_23.jpg,523,MC2\MC2-Image-Data\Person32\Person32_23.jpg,32,NO_CAPTION
524,524,524,Person32_24.jpg,524,MC2\MC2-Image-Data\Person32\Person32_24.jpg,32,NO_CAPTION
525,525,525,Person32_25.jpg,525,MC2\MC2-Image-Data\Person32\Person32_25.jpg,32,NO_CAPTION
526,526,526,Person32_26.jpg,526,MC2\MC2-Image-Data\Person32\Person32_26.jpg,32,NO_CAPTION
527,527,527,Person32_27.jpg,527,MC2\MC2-Image-Data\Person32\Person32_27.jpg,32,NO_CAPTION
528,528,528,Person32_28.jpg,528,MC2\MC2-Image-Data\Person32\Person32_28.jpg,32,NO_CAPTION
529,529,529,Person32_29.jpg,529,MC2\MC2-Image-Data\Person32\Person32_29.jpg,32,NO_CAPTION
530,530,530,Person32_3.jpg,530,MC2\MC2-Image-Data\Person32\Person32_3.jpg,32,NO_CAPTION
531,531,531,Person32_30.jpg,531,MC2\MC2-Image-Data\Person32\Person32_30.jpg,32,NO_CAPTION
532,532,532,Person32_31.jpg,532,MC2\MC2-Image-Data\Person32\Person32_31.jpg,32,NO_CAPTION
533,533,533,Person32_32.jpg,533,MC2\MC2-Image-Data\Person32\Person32_32.jpg,32,NO_CAPTION
534,534,534,Person32_33.jpg,534,MC2\MC2-Image-Data\Person32\Person32_33.jpg,32,NO_CAPTION
535,535,535,Person32_34.jpg,535,MC2\MC2-Image-Data\Person32\Person32_34.jpg,32,NO_CAPTION
536,536,536,Person32_35.jpg,536,MC2\MC2-Image-Data\Person32\Person32_35.jpg,32,NO_CAPTION
537,537,537,Person32_36.jpg,537,MC2\MC2-Image-Data\Person32\Person32_36.jpg,32,NO_CAPTION
538,538,538,Person32_37.jpg,538,MC2\MC2-Image-Data\Person32\Person32_37.jpg,32,NO_CAPTION
539,539,539,Person32_38.jpg,539,MC2\MC2-Image-Data\Person32\Person32_38.jpg,32,NO_CAPTION
540,540,540,Person32_39.jpg,540,MC2\MC2-Image-Data\Person32\Person32_39.jpg,32,NO_CAPTION
541,541,541,Person32_4.jpg,541,MC2\MC2-Image-Data\Person32\Person32_4.jpg,32,NO_CAPTION
542,542,542,Person32_40.jpg,542,MC2\MC2-Image-Data\Person32\Person32_40.jpg,32,NO_CAPTION
543,543,543,Person32_41.jpg,543,MC2\MC2-Image-Data\Person32\Person32_41.jpg,32,NO_CAPTION
544,544,544,Person32_42.jpg,544,MC2\MC2-Image-Data\Person32\Person32_42.jpg,32,NO_CAPTION
545,545,545,Person32_43.jpg,545,MC2\MC2-Image-Data\Person32\Person32_43.jpg,32,NO_CAPTION
546,546,546,Person32_44.jpg,546,MC2\MC2-Image-Data\Person32\Person32_44.jpg,32,NO_CAPTION
547,547,547,Person32_45.jpg,547,MC2\MC2-Image-Data\Person32\Person32_45.jpg,32,NO_CAPTION
548,548,548,Person32_46.jpg,548,MC2\MC2-Image-Data\Person32\Person32_46.jpg,32,NO_CAPTION
549,549,549,Person32_47.jpg,549,MC2\MC2-Image-Data\Person32\Person32_47.jpg,32,NO_CAPTION
550,550,550,Person32_48.jpg,550,MC2\MC2-Image-Data\Person32\Person32_48.jpg,32,NO_CAPTION
551,551,551,Person32_49.jpg,551,MC2\MC2-Image-Data\Person32\Person32_49.jpg,32,NO_CAPTION
552,552,552,Person32_5.jpg,552,MC2\MC2-Image-Data\Person32\Person32_5.jpg,32,NO_CAPTION
553,553,553,Person32_50.jpg,553,MC2\MC2-Image-Data\Person32\Person32_50.jpg,32,NO_CAPTION
554,554,554,Person32_51.jpg,554,MC2\MC2-Image-Data\Person32\Person32_51.jpg,32,NO_CAPTION
555,555,555,Person32_52.jpg,555,MC2\MC2-Image-Data\Person32\Person32_52.jpg,32,NO_CAPTION
556,556,556,Person32_53.jpg,556,MC2\MC2-Image-Data\Person32\Person32_53.jpg,32,NO_CAPTION
557,557,557,Person32_54.jpg,557,MC2\MC2-Image-Data\Person32\Person32_54.jpg,32,NO_CAPTION
558,558,558,Person32_55.jpg,558,MC2\MC2-Image-Data\Person32\Person32_55.jpg,32,NO_CAPTION
559,559,559,Person32_56.jpg,559,MC2\MC2-Image-Data\Person32\Person32_56.jpg,32,NO_CAPTION
560,560,560,Person32_6.jpg,560,MC2\MC2-Image-Data\Person32\Person32_6.jpg,32,NO_CAPTION
561,561,561,Person32_7.jpg,561,MC2\MC2-Image-Data\Person32\Person32_7.jpg,32,NO_CAPTION
562,562,562,Person32_8.jpg,562,MC2\MC2-Image-Data\Person32\Person32_8.jpg,32,NO_CAPTION
563,563,563,Person32_9.jpg,563,MC2\MC2-Image-Data\Person32\Person32_9.jpg,32,NO_CAPTION
564,564,564,Person33_1.jpg,564,MC2\MC2-Image-Data\Person33\Person33_1.jpg,33,"The things are not always where you think they are, even if you see them with your own eyes."
565,565,565,Person33_10.jpg,565,MC2\MC2-Image-Data\Person33\Person33_10.jpg,33,NO_CAPTION
566,566,566,Person33_11.jpg,566,MC2\MC2-Image-Data\Person33\Person33_11.jpg,33,NO_CAPTION
567,567,567,Person33_12.jpg,567,MC2\MC2-Image-Data\Person33\Person33_12.jpg,33,"More than 1 billion rural people depend on forests to some extent, and over 90 percent of people living in extreme poverty depend on forests for all or part of their livelihoods"
568,568,568,Person33_13.jpg,568,MC2\MC2-Image-Data\Person33\Person33_13.jpg,33,Nature is a miracle we depend upon.
569,569,569,Person33_14.jpg,569,MC2\MC2-Image-Data\Person33\Person33_14.jpg,33,Getting perspective in life and planning isnâ€™t easy.  It is said that life is what happens when you keep planning it. God rolls a dice and your life changes in an instant.
570,570,570,Person33_15.jpg,570,MC2\MC2-Image-Data\Person33\Person33_15.jpg,33,"As one climbs the stairs of success in life, luck plays an important factor in deciding lifeâ€™s path. Probability and possibility are added coefficients to hard work and perseverance when it comes to calculating lifeâ€™s success equation."
571,571,571,Person33_16.jpg,571,MC2\MC2-Image-Data\Person33\Person33_16.jpg,33,NO_CAPTION
572,572,572,Person33_17.jpg,572,MC2\MC2-Image-Data\Person33\Person33_17.jpg,33,Be the pop of color that can illuminate the monochromatic lives of others.
573,573,573,Person33_18.jpg,573,MC2\MC2-Image-Data\Person33\Person33_18.jpg,33,NO_CAPTION
574,574,574,Person33_19.jpg,574,MC2\MC2-Image-Data\Person33\Person33_19.jpg,33,NO_CAPTION
575,575,575,Person33_2.jpg,575,MC2\MC2-Image-Data\Person33\Person33_2.jpg,33,"Globally, we generate about 1.3 billion tons of trash per year. In Germany alone, this amounts to a whopping 3 million tons of plastic packaging waste annually."
576,576,576,Person33_20.jpg,576,MC2\MC2-Image-Data\Person33\Person33_20.jpg,33,NO_CAPTION
577,577,577,Person33_21.jpg,577,MC2\MC2-Image-Data\Person33\Person33_21.jpg,33,Identify the artificial things even though they might look like they are the same.
578,578,578,Person33_22.jpg,578,MC2\MC2-Image-Data\Person33\Person33_22.jpg,33,NO_CAPTION
579,579,579,Person33_23.jpg,579,MC2\MC2-Image-Data\Person33\Person33_23.jpg,33,Balance is a delicate thing. One gust of wind and things can go downhill.
580,580,580,Person33_24.jpg,580,MC2\MC2-Image-Data\Person33\Person33_24.jpg,33,An assembly of random items that resulted in something meaningful.
581,581,581,Person33_25.jpg,581,MC2\MC2-Image-Data\Person33\Person33_25.jpg,33,NO_CAPTION
582,582,582,Person33_26.jpg,582,MC2\MC2-Image-Data\Person33\Person33_26.jpg,33,NO_CAPTION
583,583,583,Person33_27.jpg,583,MC2\MC2-Image-Data\Person33\Person33_27.jpg,33,NO_CAPTION
584,584,584,Person33_28.jpg,584,MC2\MC2-Image-Data\Person33\Person33_28.jpg,33,NO_CAPTION
585,585,585,Person33_29.jpg,585,MC2\MC2-Image-Data\Person33\Person33_29.jpg,33,Tortoise with wings
586,586,586,Person33_3.jpg,586,MC2\MC2-Image-Data\Person33\Person33_3.jpg,33,"Why canâ€™t humans hear a dog whistle? 
â€“ Maybe because dogs canâ€™t whistle."
587,587,587,Person33_30.jpg,587,MC2\MC2-Image-Data\Person33\Person33_30.jpg,33,Tortoise with a girl in pub
588,588,588,Person33_31.jpg,588,MC2\MC2-Image-Data\Person33\Person33_31.jpg,33,Tortoise at Gym building Muscles
589,589,589,Person33_32.jpg,589,MC2\MC2-Image-Data\Person33\Person33_32.jpg,33,Tortoise chained in slavery
590,590,590,Person33_33.jpg,590,MC2\MC2-Image-Data\Person33\Person33_33.jpg,33,Tortoise trying hard to get his number
591,591,591,Person33_34.jpg,591,MC2\MC2-Image-Data\Person33\Person33_34.jpg,33,Tortoise is trying to blow the whistle
592,592,592,Person33_35.jpg,592,MC2\MC2-Image-Data\Person33\Person33_35.jpg,33,Tortoise fed up of its slow moving lifeâ€¦..committing suicide
593,593,593,Person33_36.jpg,593,MC2\MC2-Image-Data\Person33\Person33_36.jpg,33,Laborious tortoiseâ€¦ trying to show its strengths
594,594,594,Person33_37.jpg,594,MC2\MC2-Image-Data\Person33\Person33_37.jpg,33,Astronaut ready to invade into space with its craft
595,595,595,Person33_38.jpg,595,MC2\MC2-Image-Data\Person33\Person33_38.jpg,33,Slow motion raceâ€¦. letâ€™s see who comes first
596,596,596,Person33_39.jpg,596,MC2\MC2-Image-Data\Person33\Person33_39.jpg,33,Slow tortoise in a pace to meet its friends on its bike
597,597,597,Person33_4.jpg,597,MC2\MC2-Image-Data\Person33\Person33_4.jpg,33,Six might be considered a lucky number by common people but for a mathematician it is the smallest perfect number.
598,598,598,Person33_40.jpg,598,MC2\MC2-Image-Data\Person33\Person33_40.jpg,33,Rocket in colorful Multiverse
599,599,599,Person33_41.jpg,599,MC2\MC2-Image-Data\Person33\Person33_41.jpg,33,Rocket ready to take off t-10 sec
600,600,600,Person33_42.jpg,600,MC2\MC2-Image-Data\Person33\Person33_42.jpg,33,Tortoise racing for life
601,601,601,Person33_43.jpg,601,MC2\MC2-Image-Data\Person33\Person33_43.jpg,33,Tortoise in an entertaining worldâ€¦ trying to enjoy the worldly pleasures
602,602,602,Person33_44.jpg,602,MC2\MC2-Image-Data\Person33\Person33_44.jpg,33,Emergence of a new leader
603,603,603,Person33_45.jpg,603,MC2\MC2-Image-Data\Person33\Person33_45.jpg,33,In a hurry to meet the finish line. Cheerleader awaiting them
604,604,604,Person33_46.jpg,604,MC2\MC2-Image-Data\Person33\Person33_46.jpg,33,So sweet tired little tortoise got its ride back to home
605,605,605,Person33_47.jpg,605,MC2\MC2-Image-Data\Person33\Person33_47.jpg,33,Tortoise in Group confronting Evil Tortoise
606,606,606,Person33_48.jpg,606,MC2\MC2-Image-Data\Person33\Person33_48.jpg,33,Tortoise looking to climb the tower
607,607,607,Person33_49.jpg,607,MC2\MC2-Image-Data\Person33\Person33_49.jpg,33,White tortoise is happy of its new camouflage
608,608,608,Person33_5.jpg,608,MC2\MC2-Image-Data\Person33\Person33_5.jpg,33,"In case you are waiting so long for the elevator, please feel free to use the whistle."
609,609,609,Person33_50.jpg,609,MC2\MC2-Image-Data\Person33\Person33_50.jpg,33,Red spiraled green tortoiseâ€™s new look...ready for fashion show
610,610,610,Person33_51.jpg,610,MC2\MC2-Image-Data\Person33\Person33_51.jpg,33,NASA astronaut in Made in China spacecraftâ€¦ isnâ€™t something fishy?
611,611,611,Person33_52.jpg,611,MC2\MC2-Image-Data\Person33\Person33_52.jpg,33,Tortoises having party
612,612,612,Person33_53.jpg,612,MC2\MC2-Image-Data\Person33\Person33_53.jpg,33,Rolling dice in a stable position
613,613,613,Person33_54.jpg,613,MC2\MC2-Image-Data\Person33\Person33_54.jpg,33,Tortoise rising high after climbing the tower
614,614,614,Person33_55.jpg,614,MC2\MC2-Image-Data\Person33\Person33_55.jpg,33,Tortoise walking in Circus of uncertainty
615,615,615,Person33_56.jpg,615,MC2\MC2-Image-Data\Person33\Person33_56.jpg,33,Tortoise Dragging Rocket to the launch pad
616,616,616,Person33_57.jpg,616,MC2\MC2-Image-Data\Person33\Person33_57.jpg,33,Rocket Ignition Started t-1 sec and it is monitored by the Mystery man
617,617,617,Person33_58.jpg,617,MC2\MC2-Image-Data\Person33\Person33_58.jpg,33,Tortoise in Shock to see the balanced Dice
618,618,618,Person33_59.jpg,618,MC2\MC2-Image-Data\Person33\Person33_59.jpg,33,Rocket in the white sky after launch but with a red tail
619,619,619,Person33_6.jpg,619,MC2\MC2-Image-Data\Person33\Person33_6.jpg,33,Someone tried to blow up these chains with a toy rocketâ€¦ even he knows the earth is not flat.
620,620,620,Person33_60.jpg,620,MC2\MC2-Image-Data\Person33\Person33_60.jpg,33,Green Tortoise trying to save its friend from evil white Tortoise
621,621,621,Person33_61.jpg,621,MC2\MC2-Image-Data\Person33\Person33_61.jpg,33,Rolling dice showing its magic number
622,622,622,Person33_7.jpg,622,MC2\MC2-Image-Data\Person33\Person33_7.jpg,33,May your coffee be strong and your life be colorful.
623,623,623,Person33_8.jpg,623,MC2\MC2-Image-Data\Person33\Person33_8.jpg,33,"Iâ€™m pretty sure everything in this picture somehow comes from oil. Plastic whistle, the dice, the missile, color on the wall and of course the electricity."
624,624,624,Person33_9.jpg,624,MC2\MC2-Image-Data\Person33\Person33_9.jpg,33,"Keep your eyes on the stars, and your feet on the ground."
625,625,625,Person34_1.jpg,625,MC2\MC2-Image-Data\Person34\Person34_1.jpg,34,NO_CAPTION
626,626,626,Person34_10.jpg,626,MC2\MC2-Image-Data\Person34\Person34_10.jpg,34,NO_CAPTION
627,627,627,Person34_11.jpg,627,MC2\MC2-Image-Data\Person34\Person34_11.jpg,34,NO_CAPTION
628,628,628,Person34_12.jpg,628,MC2\MC2-Image-Data\Person34\Person34_12.jpg,34,NO_CAPTION
629,629,629,Person34_13.jpg,629,MC2\MC2-Image-Data\Person34\Person34_13.jpg,34,NO_CAPTION
630,630,630,Person34_14.jpg,630,MC2\MC2-Image-Data\Person34\Person34_14.jpg,34,NO_CAPTION
631,631,631,Person34_15.jpg,631,MC2\MC2-Image-Data\Person34\Person34_15.jpg,34,NO_CAPTION
632,632,632,Person34_16.jpg,632,MC2\MC2-Image-Data\Person34\Person34_16.jpg,34,NO_CAPTION
633,633,633,Person34_17.jpg,633,MC2\MC2-Image-Data\Person34\Person34_17.jpg,34,NO_CAPTION
634,634,634,Person34_18.jpg,634,MC2\MC2-Image-Data\Person34\Person34_18.jpg,34,NO_CAPTION
635,635,635,Person34_19.jpg,635,MC2\MC2-Image-Data\Person34\Person34_19.jpg,34,NO_CAPTION
636,636,636,Person34_2.jpg,636,MC2\MC2-Image-Data\Person34\Person34_2.jpg,34,NO_CAPTION
637,637,637,Person34_20.jpg,637,MC2\MC2-Image-Data\Person34\Person34_20.jpg,34,NO_CAPTION
638,638,638,Person34_21.jpg,638,MC2\MC2-Image-Data\Person34\Person34_21.jpg,34,NO_CAPTION
639,639,639,Person34_22.jpg,639,MC2\MC2-Image-Data\Person34\Person34_22.jpg,34,NO_CAPTION
640,640,640,Person34_23.jpg,640,MC2\MC2-Image-Data\Person34\Person34_23.jpg,34,NO_CAPTION
641,641,641,Person34_24.jpg,641,MC2\MC2-Image-Data\Person34\Person34_24.jpg,34,NO_CAPTION
642,642,642,Person34_25.jpg,642,MC2\MC2-Image-Data\Person34\Person34_25.jpg,34,NO_CAPTION
643,643,643,Person34_26.jpg,643,MC2\MC2-Image-Data\Person34\Person34_26.jpg,34,NO_CAPTION
644,644,644,Person34_27.jpg,644,MC2\MC2-Image-Data\Person34\Person34_27.jpg,34,NO_CAPTION
645,645,645,Person34_28.jpg,645,MC2\MC2-Image-Data\Person34\Person34_28.jpg,34,NO_CAPTION
646,646,646,Person34_29.jpg,646,MC2\MC2-Image-Data\Person34\Person34_29.jpg,34,NO_CAPTION
647,647,647,Person34_3.jpg,647,MC2\MC2-Image-Data\Person34\Person34_3.jpg,34,NO_CAPTION
648,648,648,Person34_30.jpg,648,MC2\MC2-Image-Data\Person34\Person34_30.jpg,34,NO_CAPTION
649,649,649,Person34_31.jpg,649,MC2\MC2-Image-Data\Person34\Person34_31.jpg,34,NO_CAPTION
650,650,650,Person34_32.jpg,650,MC2\MC2-Image-Data\Person34\Person34_32.jpg,34,NO_CAPTION
651,651,651,Person34_33.jpg,651,MC2\MC2-Image-Data\Person34\Person34_33.jpg,34,NO_CAPTION
652,652,652,Person34_34.jpg,652,MC2\MC2-Image-Data\Person34\Person34_34.jpg,34,NO_CAPTION
653,653,653,Person34_35.jpg,653,MC2\MC2-Image-Data\Person34\Person34_35.jpg,34,NO_CAPTION
654,654,654,Person34_36.jpg,654,MC2\MC2-Image-Data\Person34\Person34_36.jpg,34,NO_CAPTION
655,655,655,Person34_37.jpg,655,MC2\MC2-Image-Data\Person34\Person34_37.jpg,34,NO_CAPTION
656,656,656,Person34_38.jpg,656,MC2\MC2-Image-Data\Person34\Person34_38.jpg,34,NO_CAPTION
657,657,657,Person34_39.jpg,657,MC2\MC2-Image-Data\Person34\Person34_39.jpg,34,NO_CAPTION
658,658,658,Person34_4.jpg,658,MC2\MC2-Image-Data\Person34\Person34_4.jpg,34,NO_CAPTION
659,659,659,Person34_40.jpg,659,MC2\MC2-Image-Data\Person34\Person34_40.jpg,34,NO_CAPTION
660,660,660,Person34_41.jpg,660,MC2\MC2-Image-Data\Person34\Person34_41.jpg,34,NO_CAPTION
661,661,661,Person34_42.jpg,661,MC2\MC2-Image-Data\Person34\Person34_42.jpg,34,NO_CAPTION
662,662,662,Person34_43.jpg,662,MC2\MC2-Image-Data\Person34\Person34_43.jpg,34,NO_CAPTION
663,663,663,Person34_44.jpg,663,MC2\MC2-Image-Data\Person34\Person34_44.jpg,34,NO_CAPTION
664,664,664,Person34_45.jpg,664,MC2\MC2-Image-Data\Person34\Person34_45.jpg,34,NO_CAPTION
665,665,665,Person34_46.jpg,665,MC2\MC2-Image-Data\Person34\Person34_46.jpg,34,NO_CAPTION
666,666,666,Person34_47.jpg,666,MC2\MC2-Image-Data\Person34\Person34_47.jpg,34,NO_CAPTION
667,667,667,Person34_48.jpg,667,MC2\MC2-Image-Data\Person34\Person34_48.jpg,34,NO_CAPTION
668,668,668,Person34_49.jpg,668,MC2\MC2-Image-Data\Person34\Person34_49.jpg,34,NO_CAPTION
669,669,669,Person34_5.jpg,669,MC2\MC2-Image-Data\Person34\Person34_5.jpg,34,NO_CAPTION
670,670,670,Person34_50.jpg,670,MC2\MC2-Image-Data\Person34\Person34_50.jpg,34,NO_CAPTION
671,671,671,Person34_6.jpg,671,MC2\MC2-Image-Data\Person34\Person34_6.jpg,34,NO_CAPTION
672,672,672,Person34_7.jpg,672,MC2\MC2-Image-Data\Person34\Person34_7.jpg,34,NO_CAPTION
673,673,673,Person34_8.jpg,673,MC2\MC2-Image-Data\Person34\Person34_8.jpg,34,NO_CAPTION
674,674,674,Person34_9.jpg,674,MC2\MC2-Image-Data\Person34\Person34_9.jpg,34,NO_CAPTION
675,675,675,Person35_1.jpg,675,MC2\MC2-Image-Data\Person35\Person35_1.jpg,35,NO_CAPTION
676,676,676,Person35_10.jpg,676,MC2\MC2-Image-Data\Person35\Person35_10.jpg,35,NO_CAPTION
677,677,677,Person35_11.jpg,677,MC2\MC2-Image-Data\Person35\Person35_11.jpg,35,NO_CAPTION
678,678,678,Person35_12.jpg,678,MC2\MC2-Image-Data\Person35\Person35_12.jpg,35,NO_CAPTION
679,679,679,Person35_2.jpg,679,MC2\MC2-Image-Data\Person35\Person35_2.jpg,35,NO_CAPTION
680,680,680,Person35_3.jpg,680,MC2\MC2-Image-Data\Person35\Person35_3.jpg,35,NO_CAPTION
681,681,681,Person35_4.jpg,681,MC2\MC2-Image-Data\Person35\Person35_4.jpg,35,NO_CAPTION
682,682,682,Person35_5.jpg,682,MC2\MC2-Image-Data\Person35\Person35_5.jpg,35,NO_CAPTION
683,683,683,Person35_6.jpg,683,MC2\MC2-Image-Data\Person35\Person35_6.jpg,35,NO_CAPTION
684,684,684,Person35_7.jpg,684,MC2\MC2-Image-Data\Person35\Person35_7.jpg,35,NO_CAPTION
685,685,685,Person35_8.jpg,685,MC2\MC2-Image-Data\Person35\Person35_8.jpg,35,NO_CAPTION
686,686,686,Person35_9.jpg,686,MC2\MC2-Image-Data\Person35\Person35_9.jpg,35,NO_CAPTION
687,687,687,Person36_1.jpg,687,MC2\MC2-Image-Data\Person36\Person36_1.jpg,36,NO_CAPTION
688,688,688,Person36_2.jpg,688,MC2\MC2-Image-Data\Person36\Person36_2.jpg,36,NO_CAPTION
689,689,689,Person36_3.jpg,689,MC2\MC2-Image-Data\Person36\Person36_3.jpg,36,NO_CAPTION
690,690,690,Person36_4.jpg,690,MC2\MC2-Image-Data\Person36\Person36_4.jpg,36,NO_CAPTION
691,691,691,Person36_5.jpg,691,MC2\MC2-Image-Data\Person36\Person36_5.jpg,36,NO_CAPTION
692,692,692,Person36_6.jpg,692,MC2\MC2-Image-Data\Person36\Person36_6.jpg,36,NO_CAPTION
693,693,693,Person36_7.jpg,693,MC2\MC2-Image-Data\Person36\Person36_7.jpg,36,NO_CAPTION
694,694,694,Person36_8.jpg,694,MC2\MC2-Image-Data\Person36\Person36_8.jpg,36,Sports have been cancelled
695,695,695,Person37_1.jpg,695,MC2\MC2-Image-Data\Person37\Person37_1.jpg,37,We are going to watch a football match and cheer for the school team.
696,696,696,Person37_10.jpg,696,MC2\MC2-Image-Data\Person37\Person37_10.jpg,37,I won a cloud and lightning decoration in the spinning game.
697,697,697,Person37_11.jpg,697,MC2\MC2-Image-Data\Person37\Person37_11.jpg,37,NO_CAPTION
698,698,698,Person37_12.jpg,698,MC2\MC2-Image-Data\Person37\Person37_12.jpg,37,NO_CAPTION
699,699,699,Person37_13.jpg,699,MC2\MC2-Image-Data\Person37\Person37_13.jpg,37,"""After a bolt of lightning hit the emoji plate, a pink thing appeared. A gift from the god! But what does this mean"""
700,700,700,Person37_14.jpg,700,MC2\MC2-Image-Data\Person37\Person37_14.jpg,37,Are these things enough to hold a party
701,701,701,Person37_15.jpg,701,MC2\MC2-Image-Data\Person37\Person37_15.jpg,37,NO_CAPTION
702,702,702,Person37_16.jpg,702,MC2\MC2-Image-Data\Person37\Person37_16.jpg,37,NO_CAPTION
703,703,703,Person37_17.jpg,703,MC2\MC2-Image-Data\Person37\Person37_17.jpg,37,Someone dropped a pair of purple sticks on grassland. May I pick them
704,704,704,Person37_18.jpg,704,MC2\MC2-Image-Data\Person37\Person37_18.jpg,37,My cousin broke my LED spinner by dropping it on a rock. What a bad day!
705,705,705,Person37_19.jpg,705,MC2\MC2-Image-Data\Person37\Person37_19.jpg,37,NO_CAPTION
706,706,706,Person37_2.jpg,706,MC2\MC2-Image-Data\Person37\Person37_2.jpg,37,The sound of this spinner is quite interesting.
707,707,707,Person37_20.jpg,707,MC2\MC2-Image-Data\Person37\Person37_20.jpg,37,NO_CAPTION
708,708,708,Person37_21.jpg,708,MC2\MC2-Image-Data\Person37\Person37_21.jpg,37,Can I shoot the smiley emoji with the dart five meters away
709,709,709,Person37_22.jpg,709,MC2\MC2-Image-Data\Person37\Person37_22.jpg,37,Can I generate electricity from these two pink plastic sticks
710,710,710,Person37_23.jpg,710,MC2\MC2-Image-Data\Person37\Person37_23.jpg,37,I want to connect the whistle with gold shiny tape to the LED spinner. It should be very good-looking when they rotate!
711,711,711,Person37_24.jpg,711,MC2\MC2-Image-Data\Person37\Person37_24.jpg,37,I made a safe dart that won't hurt anyone.
712,712,712,Person37_3.jpg,712,MC2\MC2-Image-Data\Person37\Person37_3.jpg,37,I found it very fun to play a LED spinner. It shines when rotating. I want to know the mechanism behind.
713,713,713,Person37_4.jpg,713,MC2\MC2-Image-Data\Person37\Person37_4.jpg,37,NO_CAPTION
714,714,714,Person37_5.jpg,714,MC2\MC2-Image-Data\Person37\Person37_5.jpg,37,It haven't rained here for a long time. Every day is sunny and I hope for a heavy rain.
715,715,715,Person37_6.jpg,715,MC2\MC2-Image-Data\Person37\Person37_6.jpg,37,NO_CAPTION
716,716,716,Person37_7.jpg,716,MC2\MC2-Image-Data\Person37\Person37_7.jpg,37,NO_CAPTION
717,717,717,Person37_8.jpg,717,MC2\MC2-Image-Data\Person37\Person37_8.jpg,37,I found a hair roller on the desk.
718,718,718,Person37_9.jpg,718,MC2\MC2-Image-Data\Person37\Person37_9.jpg,37,NO_CAPTION
719,719,719,Person38_1.jpg,719,MC2\MC2-Image-Data\Person38\Person38_1.jpg,38,NO_CAPTION
720,720,720,Person38_10.jpg,720,MC2\MC2-Image-Data\Person38\Person38_10.jpg,38,NO_CAPTION
721,721,721,Person38_11.jpg,721,MC2\MC2-Image-Data\Person38\Person38_11.jpg,38,NO_CAPTION
722,722,722,Person38_12.jpg,722,MC2\MC2-Image-Data\Person38\Person38_12.jpg,38,NO_CAPTION
723,723,723,Person38_13.jpg,723,MC2\MC2-Image-Data\Person38\Person38_13.jpg,38,NO_CAPTION
724,724,724,Person38_14.jpg,724,MC2\MC2-Image-Data\Person38\Person38_14.jpg,38,NO_CAPTION
725,725,725,Person38_15.jpg,725,MC2\MC2-Image-Data\Person38\Person38_15.jpg,38,NO_CAPTION
726,726,726,Person38_16.jpg,726,MC2\MC2-Image-Data\Person38\Person38_16.jpg,38,NO_CAPTION
727,727,727,Person38_2.jpg,727,MC2\MC2-Image-Data\Person38\Person38_2.jpg,38,NO_CAPTION
728,728,728,Person38_3.jpg,728,MC2\MC2-Image-Data\Person38\Person38_3.jpg,38,NO_CAPTION
729,729,729,Person38_4.jpg,729,MC2\MC2-Image-Data\Person38\Person38_4.jpg,38,NO_CAPTION
730,730,730,Person38_5.jpg,730,MC2\MC2-Image-Data\Person38\Person38_5.jpg,38,NO_CAPTION
731,731,731,Person38_6.jpg,731,MC2\MC2-Image-Data\Person38\Person38_6.jpg,38,NO_CAPTION
732,732,732,Person38_7.jpg,732,MC2\MC2-Image-Data\Person38\Person38_7.jpg,38,NO_CAPTION
733,733,733,Person38_8.jpg,733,MC2\MC2-Image-Data\Person38\Person38_8.jpg,38,NO_CAPTION
734,734,734,Person38_9.jpg,734,MC2\MC2-Image-Data\Person38\Person38_9.jpg,38,NO_CAPTION
735,735,735,Person39_1.jpg,735,MC2\MC2-Image-Data\Person39\Person39_1.jpg,39,NO_CAPTION
736,736,736,Person39_10.jpg,736,MC2\MC2-Image-Data\Person39\Person39_10.jpg,39,NO_CAPTION
737,737,737,Person39_11.jpg,737,MC2\MC2-Image-Data\Person39\Person39_11.jpg,39,NO_CAPTION
738,738,738,Person39_12.jpg,738,MC2\MC2-Image-Data\Person39\Person39_12.jpg,39,NO_CAPTION
739,739,739,Person39_2.jpg,739,MC2\MC2-Image-Data\Person39\Person39_2.jpg,39,NO_CAPTION
740,740,740,Person39_3.jpg,740,MC2\MC2-Image-Data\Person39\Person39_3.jpg,39,NO_CAPTION
741,741,741,Person39_4.jpg,741,MC2\MC2-Image-Data\Person39\Person39_4.jpg,39,NO_CAPTION
742,742,742,Person39_5.jpg,742,MC2\MC2-Image-Data\Person39\Person39_5.jpg,39,NO_CAPTION
743,743,743,Person39_6.jpg,743,MC2\MC2-Image-Data\Person39\Person39_6.jpg,39,NO_CAPTION
744,744,744,Person39_7.jpg,744,MC2\MC2-Image-Data\Person39\Person39_7.jpg,39,NO_CAPTION
745,745,745,Person39_8.jpg,745,MC2\MC2-Image-Data\Person39\Person39_8.jpg,39,NO_CAPTION
746,746,746,Person39_9.jpg,746,MC2\MC2-Image-Data\Person39\Person39_9.jpg,39,NO_CAPTION
747,747,747,Person4_1.jpg,747,MC2\MC2-Image-Data\Person4\Person4_1.jpg,4,NO_CAPTION
748,748,748,Person4_10.jpg,748,MC2\MC2-Image-Data\Person4\Person4_10.jpg,4,NO_CAPTION
749,749,749,Person4_11.jpg,749,MC2\MC2-Image-Data\Person4\Person4_11.jpg,4,NO_CAPTION
750,750,750,Person4_12.jpg,750,MC2\MC2-Image-Data\Person4\Person4_12.jpg,4,NO_CAPTION
751,751,751,Person4_13.jpg,751,MC2\MC2-Image-Data\Person4\Person4_13.jpg,4,NO_CAPTION
752,752,752,Person4_14.jpg,752,MC2\MC2-Image-Data\Person4\Person4_14.jpg,4,NO_CAPTION
753,753,753,Person4_15.jpg,753,MC2\MC2-Image-Data\Person4\Person4_15.jpg,4,NO_CAPTION
754,754,754,Person4_16.jpg,754,MC2\MC2-Image-Data\Person4\Person4_16.jpg,4,NO_CAPTION
755,755,755,Person4_17.jpg,755,MC2\MC2-Image-Data\Person4\Person4_17.jpg,4,NO_CAPTION
756,756,756,Person4_18.jpg,756,MC2\MC2-Image-Data\Person4\Person4_18.jpg,4,NO_CAPTION
757,757,757,Person4_19.jpg,757,MC2\MC2-Image-Data\Person4\Person4_19.jpg,4,NO_CAPTION
758,758,758,Person4_2.jpg,758,MC2\MC2-Image-Data\Person4\Person4_2.jpg,4,NO_CAPTION
759,759,759,Person4_20.jpg,759,MC2\MC2-Image-Data\Person4\Person4_20.jpg,4,NO_CAPTION
760,760,760,Person4_21.jpg,760,MC2\MC2-Image-Data\Person4\Person4_21.jpg,4,NO_CAPTION
761,761,761,Person4_22.jpg,761,MC2\MC2-Image-Data\Person4\Person4_22.jpg,4,NO_CAPTION
762,762,762,Person4_23.jpg,762,MC2\MC2-Image-Data\Person4\Person4_23.jpg,4,NO_CAPTION
763,763,763,Person4_24.jpg,763,MC2\MC2-Image-Data\Person4\Person4_24.jpg,4,NO_CAPTION
764,764,764,Person4_25.jpg,764,MC2\MC2-Image-Data\Person4\Person4_25.jpg,4,NO_CAPTION
765,765,765,Person4_3.jpg,765,MC2\MC2-Image-Data\Person4\Person4_3.jpg,4,NO_CAPTION
766,766,766,Person4_4.jpg,766,MC2\MC2-Image-Data\Person4\Person4_4.jpg,4,NO_CAPTION
767,767,767,Person4_5.jpg,767,MC2\MC2-Image-Data\Person4\Person4_5.jpg,4,NO_CAPTION
768,768,768,Person4_6.jpg,768,MC2\MC2-Image-Data\Person4\Person4_6.jpg,4,NO_CAPTION
769,769,769,Person4_7.jpg,769,MC2\MC2-Image-Data\Person4\Person4_7.jpg,4,NO_CAPTION
770,770,770,Person4_8.jpg,770,MC2\MC2-Image-Data\Person4\Person4_8.jpg,4,NO_CAPTION
771,771,771,Person4_9.jpg,771,MC2\MC2-Image-Data\Person4\Person4_9.jpg,4,NO_CAPTION
772,772,772,Person40_1.jpg,772,MC2\MC2-Image-Data\Person40\Person40_1.jpg,40,NO_CAPTION
773,773,773,Person40_10.jpg,773,MC2\MC2-Image-Data\Person40\Person40_10.jpg,40,The red attracts cats. Watch out!
774,774,774,Person40_2.jpg,774,MC2\MC2-Image-Data\Person40\Person40_2.jpg,40,NO_CAPTION
775,775,775,Person40_3.jpg,775,MC2\MC2-Image-Data\Person40\Person40_3.jpg,40,NO_CAPTION
776,776,776,Person40_4.jpg,776,MC2\MC2-Image-Data\Person40\Person40_4.jpg,40,NO_CAPTION
777,777,777,Person40_5.jpg,777,MC2\MC2-Image-Data\Person40\Person40_5.jpg,40,NO_CAPTION
778,778,778,Person40_6.jpg,778,MC2\MC2-Image-Data\Person40\Person40_6.jpg,40,Tienes la llave de mi corazon?
779,779,779,Person40_7.jpg,779,MC2\MC2-Image-Data\Person40\Person40_7.jpg,40,NO_CAPTION
780,780,780,Person40_8.jpg,780,MC2\MC2-Image-Data\Person40\Person40_8.jpg,40,NO_CAPTION
781,781,781,Person40_9.jpg,781,MC2\MC2-Image-Data\Person40\Person40_9.jpg,40,the miracle at gatech.edu in eraser form
782,782,782,Person5_1.jpg,782,MC2\MC2-Image-Data\Person5\Person5_1.jpg,5,NO_CAPTION
783,783,783,Person5_10.jpg,783,MC2\MC2-Image-Data\Person5\Person5_10.jpg,5,NO_CAPTION
784,784,784,Person5_11.jpg,784,MC2\MC2-Image-Data\Person5\Person5_11.jpg,5,NO_CAPTION
785,785,785,Person5_12.jpg,785,MC2\MC2-Image-Data\Person5\Person5_12.jpg,5,NO_CAPTION
786,786,786,Person5_13.jpg,786,MC2\MC2-Image-Data\Person5\Person5_13.jpg,5,NO_CAPTION
787,787,787,Person5_14.jpg,787,MC2\MC2-Image-Data\Person5\Person5_14.jpg,5,NO_CAPTION
788,788,788,Person5_15.jpg,788,MC2\MC2-Image-Data\Person5\Person5_15.jpg,5,NO_CAPTION
789,789,789,Person5_16.jpg,789,MC2\MC2-Image-Data\Person5\Person5_16.jpg,5,NO_CAPTION
790,790,790,Person5_17.jpg,790,MC2\MC2-Image-Data\Person5\Person5_17.jpg,5,NO_CAPTION
791,791,791,Person5_18.jpg,791,MC2\MC2-Image-Data\Person5\Person5_18.jpg,5,NO_CAPTION
792,792,792,Person5_19.jpg,792,MC2\MC2-Image-Data\Person5\Person5_19.jpg,5,NO_CAPTION
793,793,793,Person5_2.jpg,793,MC2\MC2-Image-Data\Person5\Person5_2.jpg,5,NO_CAPTION
794,794,794,Person5_20.jpg,794,MC2\MC2-Image-Data\Person5\Person5_20.jpg,5,NO_CAPTION
795,795,795,Person5_21.jpg,795,MC2\MC2-Image-Data\Person5\Person5_21.jpg,5,NO_CAPTION
796,796,796,Person5_22.jpg,796,MC2\MC2-Image-Data\Person5\Person5_22.jpg,5,NO_CAPTION
797,797,797,Person5_23.jpg,797,MC2\MC2-Image-Data\Person5\Person5_23.jpg,5,NO_CAPTION
798,798,798,Person5_24.jpg,798,MC2\MC2-Image-Data\Person5\Person5_24.jpg,5,NO_CAPTION
799,799,799,Person5_25.jpg,799,MC2\MC2-Image-Data\Person5\Person5_25.jpg,5,NO_CAPTION
800,800,800,Person5_26.jpg,800,MC2\MC2-Image-Data\Person5\Person5_26.jpg,5,NO_CAPTION
801,801,801,Person5_27.jpg,801,MC2\MC2-Image-Data\Person5\Person5_27.jpg,5,NO_CAPTION
802,802,802,Person5_28.jpg,802,MC2\MC2-Image-Data\Person5\Person5_28.jpg,5,NO_CAPTION
803,803,803,Person5_29.jpg,803,MC2\MC2-Image-Data\Person5\Person5_29.jpg,5,NO_CAPTION
804,804,804,Person5_3.jpg,804,MC2\MC2-Image-Data\Person5\Person5_3.jpg,5,NO_CAPTION
805,805,805,Person5_30.jpg,805,MC2\MC2-Image-Data\Person5\Person5_30.jpg,5,NO_CAPTION
806,806,806,Person5_31.jpg,806,MC2\MC2-Image-Data\Person5\Person5_31.jpg,5,NO_CAPTION
807,807,807,Person5_32.jpg,807,MC2\MC2-Image-Data\Person5\Person5_32.jpg,5,NO_CAPTION
808,808,808,Person5_33.jpg,808,MC2\MC2-Image-Data\Person5\Person5_33.jpg,5,NO_CAPTION
809,809,809,Person5_34.jpg,809,MC2\MC2-Image-Data\Person5\Person5_34.jpg,5,NO_CAPTION
810,810,810,Person5_35.jpg,810,MC2\MC2-Image-Data\Person5\Person5_35.jpg,5,NO_CAPTION
811,811,811,Person5_36.jpg,811,MC2\MC2-Image-Data\Person5\Person5_36.jpg,5,NO_CAPTION
812,812,812,Person5_37.jpg,812,MC2\MC2-Image-Data\Person5\Person5_37.jpg,5,NO_CAPTION
813,813,813,Person5_38.jpg,813,MC2\MC2-Image-Data\Person5\Person5_38.jpg,5,NO_CAPTION
814,814,814,Person5_39.jpg,814,MC2\MC2-Image-Data\Person5\Person5_39.jpg,5,NO_CAPTION
815,815,815,Person5_4.jpg,815,MC2\MC2-Image-Data\Person5\Person5_4.jpg,5,NO_CAPTION
816,816,816,Person5_40.jpg,816,MC2\MC2-Image-Data\Person5\Person5_40.jpg,5,NO_CAPTION
817,817,817,Person5_41.jpg,817,MC2\MC2-Image-Data\Person5\Person5_41.jpg,5,NO_CAPTION
818,818,818,Person5_42.jpg,818,MC2\MC2-Image-Data\Person5\Person5_42.jpg,5,NO_CAPTION
819,819,819,Person5_43.jpg,819,MC2\MC2-Image-Data\Person5\Person5_43.jpg,5,NO_CAPTION
820,820,820,Person5_5.jpg,820,MC2\MC2-Image-Data\Person5\Person5_5.jpg,5,NO_CAPTION
821,821,821,Person5_6.jpg,821,MC2\MC2-Image-Data\Person5\Person5_6.jpg,5,NO_CAPTION
822,822,822,Person5_7.jpg,822,MC2\MC2-Image-Data\Person5\Person5_7.jpg,5,NO_CAPTION
823,823,823,Person5_8.jpg,823,MC2\MC2-Image-Data\Person5\Person5_8.jpg,5,NO_CAPTION
824,824,824,Person5_9.jpg,824,MC2\MC2-Image-Data\Person5\Person5_9.jpg,5,NO_CAPTION
825,825,825,Person6_1.jpg,825,MC2\MC2-Image-Data\Person6\Person6_1.jpg,6,NO_CAPTION
826,826,826,Person6_10.jpg,826,MC2\MC2-Image-Data\Person6\Person6_10.jpg,6,NO_CAPTION
827,827,827,Person6_11.jpg,827,MC2\MC2-Image-Data\Person6\Person6_11.jpg,6,NO_CAPTION
828,828,828,Person6_12.jpg,828,MC2\MC2-Image-Data\Person6\Person6_12.jpg,6,NO_CAPTION
829,829,829,Person6_13.jpg,829,MC2\MC2-Image-Data\Person6\Person6_13.jpg,6,NO_CAPTION
830,830,830,Person6_14.jpg,830,MC2\MC2-Image-Data\Person6\Person6_14.jpg,6,NO_CAPTION
831,831,831,Person6_15.jpg,831,MC2\MC2-Image-Data\Person6\Person6_15.jpg,6,NO_CAPTION
832,832,832,Person6_16.jpg,832,MC2\MC2-Image-Data\Person6\Person6_16.jpg,6,NO_CAPTION
833,833,833,Person6_17.jpg,833,MC2\MC2-Image-Data\Person6\Person6_17.jpg,6,NO_CAPTION
834,834,834,Person6_18.jpg,834,MC2\MC2-Image-Data\Person6\Person6_18.jpg,6,NO_CAPTION
835,835,835,Person6_19.jpg,835,MC2\MC2-Image-Data\Person6\Person6_19.jpg,6,NO_CAPTION
836,836,836,Person6_2.jpg,836,MC2\MC2-Image-Data\Person6\Person6_2.jpg,6,NO_CAPTION
837,837,837,Person6_20.jpg,837,MC2\MC2-Image-Data\Person6\Person6_20.jpg,6,NO_CAPTION
838,838,838,Person6_21.jpg,838,MC2\MC2-Image-Data\Person6\Person6_21.jpg,6,NO_CAPTION
839,839,839,Person6_22.jpg,839,MC2\MC2-Image-Data\Person6\Person6_22.jpg,6,NO_CAPTION
840,840,840,Person6_23.jpg,840,MC2\MC2-Image-Data\Person6\Person6_23.jpg,6,NO_CAPTION
841,841,841,Person6_24.jpg,841,MC2\MC2-Image-Data\Person6\Person6_24.jpg,6,NO_CAPTION
842,842,842,Person6_25.jpg,842,MC2\MC2-Image-Data\Person6\Person6_25.jpg,6,NO_CAPTION
843,843,843,Person6_26.jpg,843,MC2\MC2-Image-Data\Person6\Person6_26.jpg,6,NO_CAPTION
844,844,844,Person6_27.jpg,844,MC2\MC2-Image-Data\Person6\Person6_27.jpg,6,NO_CAPTION
845,845,845,Person6_28.jpg,845,MC2\MC2-Image-Data\Person6\Person6_28.jpg,6,NO_CAPTION
846,846,846,Person6_29.jpg,846,MC2\MC2-Image-Data\Person6\Person6_29.jpg,6,NO_CAPTION
847,847,847,Person6_3.jpg,847,MC2\MC2-Image-Data\Person6\Person6_3.jpg,6,NO_CAPTION
848,848,848,Person6_30.jpg,848,MC2\MC2-Image-Data\Person6\Person6_30.jpg,6,NO_CAPTION
849,849,849,Person6_4.jpg,849,MC2\MC2-Image-Data\Person6\Person6_4.jpg,6,NO_CAPTION
850,850,850,Person6_5.jpg,850,MC2\MC2-Image-Data\Person6\Person6_5.jpg,6,NO_CAPTION
851,851,851,Person6_6.jpg,851,MC2\MC2-Image-Data\Person6\Person6_6.jpg,6,NO_CAPTION
852,852,852,Person6_7.jpg,852,MC2\MC2-Image-Data\Person6\Person6_7.jpg,6,NO_CAPTION
853,853,853,Person6_8.jpg,853,MC2\MC2-Image-Data\Person6\Person6_8.jpg,6,NO_CAPTION
854,854,854,Person6_9.jpg,854,MC2\MC2-Image-Data\Person6\Person6_9.jpg,6,NO_CAPTION
855,855,855,Person7_1.jpg,855,MC2\MC2-Image-Data\Person7\Person7_1.jpg,7,Paper and a pencil are here. I wanna write but I canâ€™t.
856,856,856,Person7_10.jpg,856,MC2\MC2-Image-Data\Person7\Person7_10.jpg,7,The scarlet red whistle goes well with dark green leaves.
857,857,857,Person7_11.jpg,857,MC2\MC2-Image-Data\Person7\Person7_11.jpg,7,My swimming trophy is in the swimming pool.
858,858,858,Person7_12.jpg,858,MC2\MC2-Image-Data\Person7\Person7_12.jpg,7,All of my belongings today.
859,859,859,Person7_13.jpg,859,MC2\MC2-Image-Data\Person7\Person7_13.jpg,7,Could you please help me find my trophy?
860,860,860,Person7_14.jpg,860,MC2\MC2-Image-Data\Person7\Person7_14.jpg,7,What can a trophy do? Holding my pencil?
861,861,861,Person7_15.jpg,861,MC2\MC2-Image-Data\Person7\Person7_15.jpg,7,Can I huck this pencil over them buildings?
862,862,862,Person7_16.jpg,862,MC2\MC2-Image-Data\Person7\Person7_16.jpg,7,A brown cube dice with green-blue square tiles.
863,863,863,Person7_17.jpg,863,MC2\MC2-Image-Data\Person7\Person7_17.jpg,7,Does a table football need a referee with a whistle?
864,864,864,Person7_2.jpg,864,MC2\MC2-Image-Data\Person7\Person7_2.jpg,7,Itâ€™s sunny out here. Lucky me. I have my lovely blue sunglasses with me.
865,865,865,Person7_3.jpg,865,MC2\MC2-Image-Data\Person7\Person7_3.jpg,7,2 leaves & 6 on the dice
866,866,866,Person7_4.jpg,866,MC2\MC2-Image-Data\Person7\Person7_4.jpg,7,Trophy and sunset by the swimming pool
867,867,867,Person7_5.jpg,867,MC2\MC2-Image-Data\Person7\Person7_5.jpg,7,Can I use the sunglasses as swimming goggles?
868,868,868,Person7_6.jpg,868,MC2\MC2-Image-Data\Person7\Person7_6.jpg,7,Can you find me? Iâ€™m a lonely brown dice on the green grass.
869,869,869,Person7_7.jpg,869,MC2\MC2-Image-Data\Person7\Person7_7.jpg,7,Sunshine makes smilies smiley.
870,870,870,Person7_8.jpg,870,MC2\MC2-Image-Data\Person7\Person7_8.jpg,7,Who am I? A calabash with sunglasses.
871,871,871,Person7_9.jpg,871,MC2\MC2-Image-Data\Person7\Person7_9.jpg,7,Iâ€™ve just won a swimming race. Here is my trophy and a whistle I nicked from my coach.
872,872,872,Person8_1.jpg,872,MC2\MC2-Image-Data\Person8\Person8_1.jpg,8,NO_CAPTION
873,873,873,Person8_2.jpg,873,MC2\MC2-Image-Data\Person8\Person8_2.jpg,8,NO_CAPTION
874,874,874,Person8_3.jpg,874,MC2\MC2-Image-Data\Person8\Person8_3.jpg,8,NO_CAPTION
875,875,875,Person8_4.jpg,875,MC2\MC2-Image-Data\Person8\Person8_4.jpg,8,NO_CAPTION
876,876,876,Person8_5.jpg,876,MC2\MC2-Image-Data\Person8\Person8_5.jpg,8,NO_CAPTION
877,877,877,Person8_6.jpg,877,MC2\MC2-Image-Data\Person8\Person8_6.jpg,8,NO_CAPTION
878,878,878,Person8_7.jpg,878,MC2\MC2-Image-Data\Person8\Person8_7.jpg,8,NO_CAPTION
879,879,879,Person8_8.jpg,879,MC2\MC2-Image-Data\Person8\Person8_8.jpg,8,NO_CAPTION
880,880,880,Person8_9.jpg,880,MC2\MC2-Image-Data\Person8\Person8_9.jpg,8,NO_CAPTION
881,881,881,Person9_1.jpg,881,MC2\MC2-Image-Data\Person9\Person9_1.jpg,9,NO_CAPTION
882,882,882,Person9_10.jpg,882,MC2\MC2-Image-Data\Person9\Person9_10.jpg,9,NO_CAPTION
883,883,883,Person9_11.jpg,883,MC2\MC2-Image-Data\Person9\Person9_11.jpg,9,NO_CAPTION
884,884,884,Person9_12.jpg,884,MC2\MC2-Image-Data\Person9\Person9_12.jpg,9,NO_CAPTION
885,885,885,Person9_13.jpg,885,MC2\MC2-Image-Data\Person9\Person9_13.jpg,9,NO_CAPTION
886,886,886,Person9_14.jpg,886,MC2\MC2-Image-Data\Person9\Person9_14.jpg,9,NO_CAPTION
887,887,887,Person9_15.jpg,887,MC2\MC2-Image-Data\Person9\Person9_15.jpg,9,NO_CAPTION
888,888,888,Person9_16.jpg,888,MC2\MC2-Image-Data\Person9\Person9_16.jpg,9,NO_CAPTION
889,889,889,Person9_17.jpg,889,MC2\MC2-Image-Data\Person9\Person9_17.jpg,9,NO_CAPTION
890,890,890,Person9_18.jpg,890,MC2\MC2-Image-Data\Person9\Person9_18.jpg,9,NO_CAPTION
891,891,891,Person9_19.jpg,891,MC2\MC2-Image-Data\Person9\Person9_19.jpg,9,NO_CAPTION
892,892,892,Person9_2.jpg,892,MC2\MC2-Image-Data\Person9\Person9_2.jpg,9,NO_CAPTION
893,893,893,Person9_20.jpg,893,MC2\MC2-Image-Data\Person9\Person9_20.jpg,9,NO_CAPTION
894,894,894,Person9_21.jpg,894,MC2\MC2-Image-Data\Person9\Person9_21.jpg,9,NO_CAPTION
895,895,895,Person9_22.jpg,895,MC2\MC2-Image-Data\Person9\Person9_22.jpg,9,NO_CAPTION
896,896,896,Person9_23.jpg,896,MC2\MC2-Image-Data\Person9\Person9_23.jpg,9,NO_CAPTION
897,897,897,Person9_24.jpg,897,MC2\MC2-Image-Data\Person9\Person9_24.jpg,9,NO_CAPTION
898,898,898,Person9_25.jpg,898,MC2\MC2-Image-Data\Person9\Person9_25.jpg,9,NO_CAPTION
899,899,899,Person9_26.jpg,899,MC2\MC2-Image-Data\Person9\Person9_26.jpg,9,NO_CAPTION
900,900,900,Person9_3.jpg,900,MC2\MC2-Image-Data\Person9\Person9_3.jpg,9,NO_CAPTION
901,901,901,Person9_4.jpg,901,MC2\MC2-Image-Data\Person9\Person9_4.jpg,9,NO_CAPTION
902,902,902,Person9_5.jpg,902,MC2\MC2-Image-Data\Person9\Person9_5.jpg,9,NO_CAPTION
903,903,903,Person9_6.jpg,903,MC2\MC2-Image-Data\Person9\Person9_6.jpg,9,NO_CAPTION
904,904,904,Person9_7.jpg,904,MC2\MC2-Image-Data\Person9\Person9_7.jpg,9,NO_CAPTION
905,905,905,Person9_8.jpg,905,MC2\MC2-Image-Data\Person9\Person9_8.jpg,9,NO_CAPTION
906,906,906,Person9_9.jpg,906,MC2\MC2-Image-Data\Person9\Person9_9.jpg,9,NO_CAPTION
